time,open,high,low,close,volume
2025-11-07 20:00:00+00:00,103339.796875,104036.640625,102958.6875,103373.3671875,3113623552
2025-11-08 00:00:00+00:00,103296.953125,103359.0625,102569.5078125,102600.0390625,0
2025-11-08 04:00:00+00:00,102630.40625,102748.40625,101911.6015625,102301.4140625,898064384
2025-11-08 08:00:00+00:00,102309.9921875,102619.5078125,101760.0859375,101775.734375,0
2025-11-08 12:00:00+00:00,101804.6171875,102154.59375,101463.1953125,101637.4375,0
2025-11-08 16:00:00+00:00,101678.3046875,102201.7421875,101535.1015625,101920.5546875,0
2025-11-08 20:00:00+00:00,101955.2890625,102455.3203125,101951.0078125,102278.984375,0
2025-11-09 00:00:00+00:00,102287.390625,102307.6328125,101468.875,101650.90625,0
2025-11-09 04:00:00+00:00,101634.7421875,102064.609375,101632.546875,101885.4609375,1054281728
2025-11-09 08:00:00+00:00,101922.34375,102266.2890625,101524.90625,102188.7109375,1512091648
2025-11-09 12:00:00+00:00,102208.90625,104012.7421875,102055.9140625,103758.5078125,4333047808
2025-11-09 16:00:00+00:00,103730.7734375,104786.1875,103345.8515625,104786.1875,1236344832
2025-11-09 20:00:00+00:00,104788.0625,105253.3046875,104189.84375,104723.7734375,6383652864
2025-11-10 00:00:00+00:00,104725.828125,106529.5234375,104365.1796875,106007.0859375,8608260096
2025-11-10 04:00:00+00:00,106021.4296875,106511.3125,105859.90625,106421.890625,1597992960
2025-11-10 08:00:00+00:00,106442.296875,106545.859375,105916.5,106184.1953125,2375245824
2025-11-10 12:00:00+00:00,106184.328125,106535.1328125,104727.78125,104979.7734375,3541049344
2025-11-10 16:00:00+00:00,105024.46875,106009.125,104823.875,105806.75,2210488320
2025-11-10 20:00:00+00:00,105769.5625,106241.0546875,105280.71875,105996.859375,1328701440
2025-11-11 00:00:00+00:00,105986.1796875,107341.21875,105563.3125,106437.6015625,1552973824
2025-11-11 04:00:00+00:00,106446.6640625,106480.890625,104773.1953125,104788.7109375,4057772032
2025-11-11 08:00:00+00:00,104765.2265625,105458.03125,104765.2265625,105250.3203125,317136896
2025-11-11 12:00:00+00:00,105307.4453125,105466.7421875,103238.3828125,103478.7421875,5521465344
2025-11-11 16:00:00+00:00,103497.59375,103711.1171875,102898.46875,103111.40625,669777920
2025-11-11 20:00:00+00:00,103105.953125,103185.375,102462.1171875,103011.4375,431972352
2025-11-12 00:00:00+00:00,103019.21875,103398.6484375,102724.78125,103262.40625,0
2025-11-12 04:00:00+00:00,103260.1875,103587.46875,103038.0390625,103086.46875,0
2025-11-12 08:00:00+00:00,103106.53125,105184.4140625,103106.53125,105011.9765625,4328189952
2025-11-12 12:00:00+00:00,105008.5078125,105292.03125,102035.890625,102100.9453125,869310464
2025-11-12 16:00:00+00:00,102173.4296875,102211.4375,100863.390625,101276.109375,5732671488
2025-11-12 20:00:00+00:00,101269.5234375,101965.5,101175.1875,101674.1484375,2463064064
2025-11-13 00:00:00+00:00,101661.0625,102522.2890625,101027.640625,102291.65625,4531740672
2025-11-13 04:00:00+00:00,102245.1484375,103976.484375,101758.1640625,103443.328125,8369496064
2025-11-13 08:00:00+00:00,103475.28125,103738.9296875,102592.3125,102957.8125,0
2025-11-13 12:00:00+00:00,102954.5234375,103233.0234375,101250.6328125,101301.1953125,6251094016
2025-11-13 16:00:00+00:00,101378.4765625,101422.4765625,98213.8359375,98650.9921875,15929327616
2025-11-13 20:00:00+00:00,98644.015625,100436.953125,98035.65625,99694.703125,7473102848
2025-11-14 00:00:00+00:00,99690.40625,99789.1640625,98744.25,99087.3515625,3269681152
2025-11-14 04:00:00+00:00,99102.328125,99102.75,96120.90625,97102.8359375,11834687488
2025-11-14 08:00:00+00:00,97102.5703125,97473.7734375,95823.5390625,96073.0625,4257464320
2025-11-14 12:00:00+00:00,96152.84375,97182.765625,94525.0625,96787.4140625,13569941504
2025-11-14 16:00:00+00:00,96718.0390625,97291.0625,94805.4921875,95615.3046875,0
2025-11-14 20:00:00+00:00,95693.171875,95799.1796875,94148.2421875,94420.46875,4126285824
2025-11-15 00:00:00+00:00,94509.15625,96706.703125,94509.15625,96333.921875,4718305280
2025-11-15 04:00:00+00:00,96349.6484375,96495.3828125,95929.453125,96275.25,0
2025-11-15 08:00:00+00:00,96259.34375,96259.34375,95592.90625,95620.6328125,0
2025-11-15 12:00:00+00:00,95616.5625,96408.375,95530.0625,96280.296875,0
2025-11-15 16:00:00+00:00,96209.8671875,96237.546875,95697.15625,95983.578125,0
2025-11-15 20:00:00+00:00,95962.9296875,95975.7578125,95084.671875,95549.1484375,59682816
2025-11-16 00:00:00+00:00,95548.828125,95887.125,94876.5625,95667.8828125,15168929792
2025-11-16 04:00:00+00:00,95768.5859375,96048.4453125,95619.8359375,96000.0078125,0
2025-11-16 08:00:00+00:00,96023.2109375,96553.15625,95508.2109375,95574.21875,2524241920
2025-11-16 12:00:00+00:00,95565.3359375,95832.9609375,94386.3828125,94386.3828125,3669630976
2025-11-16 16:00:00+00:00,94453.9375,95340.7265625,93807.9765625,93939.0625,16282030080
2025-11-16 20:00:00+00:00,93958.0078125,94628.1796875,92971.1640625,94180.875,8602112000
2025-11-17 00:00:00+00:00,94194.296875,95432.625,93758.75,95390.0078125,4011032576
2025-11-17 04:00:00+00:00,95423.3828125,95457.765625,94893.7109375,95061.1015625,1520558080
2025-11-21 08:00:00+00:00,82455.7109375,83146.6796875,82140.640625,82228.7734375,50330206208
2025-11-21 12:00:00+00:00,82217.890625,85339.5859375,80756.515625,82816.7109375,15359819776
2025-11-21 16:00:00+00:00,82922.84375,85362.765625,82414.4765625,84153.5390625,6633693184
2025-11-21 20:00:00+00:00,84150.1796875,85311.234375,83470.5703125,85098.5625,1662820352
2025-11-22 00:00:00+00:00,85079.609375,85503.0078125,84206.53125,84406.234375,136503296
2025-11-22 04:00:00+00:00,84397.1953125,84701.359375,83817.9296875,84518.515625,397926400
2025-11-22 08:00:00+00:00,84503.3515625,84503.3515625,83518.9140625,84135.640625,0
2025-11-22 12:00:00+00:00,84078.4921875,84573.0078125,83585.96875,84197.09375,0
2025-11-22 16:00:00+00:00,84221.4765625,84756.6328125,84193.3515625,84608.5,0
2025-11-22 20:00:00+00:00,84608.5,85164.078125,84229.84375,84648.609375,0
2025-11-23 00:00:00+00:00,84679.1484375,86268.2109375,84679.1484375,86194.265625,2455592960
2025-11-23 04:00:00+00:00,86241.8828125,86743.296875,85413.03125,85691.453125,3414585344
2025-11-23 08:00:00+00:00,85735.734375,86403.078125,85728.5234375,86244.078125,2724200448
2025-11-23 12:00:00+00:00,86264.4609375,87115.7890625,86263.578125,87098.9296875,3596500992
2025-11-23 16:00:00+00:00,87047.4453125,87609.8125,86497.75,87326.5,5814317056
2025-11-23 20:00:00+00:00,87303.2734375,88025.1875,86758.390625,86798.7734375,6022021120
2025-11-24 00:00:00+00:00,86794.40625,87987.9921875,86016.3203125,87344.1484375,3780952064
2025-11-24 04:00:00+00:00,87455.5390625,87744.109375,86435.75,86977.4453125,2739105792
2025-11-24 08:00:00+00:00,86995.0546875,86995.0546875,85692.4453125,86265.734375,2754785280
2025-11-24 12:00:00+00:00,86224.1640625,86668.375,85279.109375,86539.2578125,5850857472
2025-11-24 16:00:00+00:00,86555.53125,88792.46875,86555.53125,88234.0546875,4799127552
2025-11-24 20:00:00+00:00,88353.53125,89195.734375,88248.4765625,88261.2578125,2213052416
2025-11-25 00:00:00+00:00,88268.5390625,88268.5390625,87459.7421875,87768.859375,88948736
2025-11-25 04:00:00+00:00,87767.6328125,88457.3359375,87381.484375,87381.484375,239296512
2025-11-25 08:00:00+00:00,87373.609375,87568.5703125,86674.8046875,87364.375,737157120
2025-11-25 12:00:00+00:00,87365.5078125,87687.359375,86144.3515625,86947.859375,821194752
2025-11-25 16:00:00+00:00,86941.890625,88070.765625,86171.4765625,86819.25,224854016
2025-11-25 20:00:00+00:00,86848.3359375,87764.9609375,86577.890625,87345.5859375,802000896
2025-11-26 00:00:00+00:00,87334.421875,88150.796875,87063.0546875,87063.0546875,446685184
2025-11-26 04:00:00+00:00,87133.0859375,87920.1640625,86895.28125,87920.1640625,1295949824
2025-11-26 08:00:00+00:00,87905.921875,87905.921875,86671.5390625,87031.1640625,208891904
2025-11-26 12:00:00+00:00,87065.8515625,87577.3359375,86406.53125,86897.2265625,109342720
2025-11-26 16:00:00+00:00,86956.9453125,90380.8203125,86956.9453125,89989.7578125,9535938560
2025-11-26 20:00:00+00:00,89908.09375,90568.3671875,89517.3359375,90517.765625,1490849792
2025-11-27 00:00:00+00:00,90507.96875,91862.0,90127.2109375,91161.3984375,5672087552
2025-11-27 04:00:00+00:00,91138.7421875,91509.8515625,90941.8046875,91395.1015625,920821760
2025-11-27 08:00:00+00:00,91412.6015625,91884.515625,91253.4765625,91386.90625,937738240
2025-11-27 12:00:00+00:00,91386.7734375,91423.59375,90489.515625,90959.4765625,1362329600
2025-11-27 16:00:00+00:00,90927.1953125,91811.3671875,90871.359375,91537.890625,934858752
2025-11-27 20:00:00+00:00,91542.53125,91573.6484375,91223.359375,91287.6015625,0
2025-11-28 00:00:00+00:00,91305.5625,91358.7109375,90699.5703125,91204.703125,0
2025-11-28 04:00:00+00:00,91202.0625,91677.609375,90862.7421875,90895.9609375,0
2025-11-28 08:00:00+00:00,90923.90625,91914.609375,90923.90625,91456.0078125,1463590912
2025-11-28 12:00:00+00:00,91454.734375,92913.328125,91403.7734375,92350.546875,5181161472
2025-11-28 16:00:00+00:00,92365.2421875,92371.3515625,90303.6171875,91164.7421875,5553254400
2025-11-28 20:00:00+00:00,91170.484375,91271.703125,90777.890625,90939.7265625,338300928
2025-11-29 16:00:00+00:00,90830.34375,90855.1484375,90761.2890625,90761.2890625,0
2025-12-01 04:00:00+00:00,86266.390625,86548.6796875,86196.921875,86533.8359375,23061065728
2025-12-01 08:00:00+00:00,86536.78125,86896.9453125,86227.578125,86227.578125,2343280640
2025-12-01 12:00:00+00:00,86137.1484375,86580.734375,83909.734375,84637.1953125,9870815232
2025-12-01 16:00:00+00:00,84653.6015625,85477.53125,84104.4921875,85033.78125,9019932672
2025-12-01 20:00:00+00:00,85021.875,86853.6796875,85021.875,86322.5390625,4505354240
2025-12-02 00:00:00+00:00,86306.09375,87272.2734375,86205.09375,86956.0703125,0
2025-12-02 04:00:00+00:00,86961.7109375,87218.3828125,86857.1484375,87032.6953125,0
2025-12-02 08:00:00+00:00,87039.8359375,87553.921875,86408.96875,87395.390625,2308128768
2025-12-02 12:00:00+00:00,87381.4140625,91084.7265625,87114.8359375,90948.328125,4991311872
2025-12-02 16:00:00+00:00,90928.65625,92309.515625,90316.7734375,91951.6484375,4248674304
2025-12-02 20:00:00+00:00,91945.8359375,92004.703125,90821.234375,91345.09375,1817141248
2025-12-03 00:00:00+00:00,91345.3125,92973.796875,91080.0,92738.0703125,2078662656
2025-12-03 04:00:00+00:00,92710.0703125,93935.609375,92694.1328125,93009.0,5788655616
2025-12-03 08:00:00+00:00,93019.3515625,93380.3203125,92728.46875,93030.828125,2962178048
2025-12-03 12:00:00+00:00,93030.1171875,93554.9296875,91883.2109375,92391.71875,935550976
2025-12-03 16:00:00+00:00,92380.34375,93486.4921875,91878.703125,93015.546875,0
2025-12-03 20:00:00+00:00,93034.28125,94049.6953125,92865.453125,93454.2578125,1462632448
2025-12-04 00:00:00+00:00,93463.3828125,94022.4765625,92749.1484375,93546.546875,0
2025-12-04 04:00:00+00:00,93553.65625,93553.65625,92821.0625,93395.09375,0
2025-12-04 08:00:00+00:00,93405.609375,93599.9375,92797.765625,92943.4375,0
2025-12-04 12:00:00+00:00,92966.2734375,93165.9921875,91905.4375,93007.4921875,232800256
2025-12-04 16:00:00+00:00,92941.8984375,93165.234375,90978.71875,92028.8671875,2271682560
2025-12-04 20:00:00+00:00,92067.2890625,92663.65625,91771.90625,92133.6484375,0
2025-12-05 00:00:00+00:00,92139.3359375,92702.640625,92070.9296875,92150.609375,0
2025-12-05 04:00:00+00:00,92172.640625,92496.078125,91862.125,92246.8359375,225943552
2025-12-05 08:00:00+00:00,92257.3515625,92257.3515625,91051.4765625,91395.03125,1354833920
2025-12-05 12:00:00+00:00,91381.8046875,91422.6640625,90010.3359375,90320.109375,1359765504
2025-12-05 16:00:00+00:00,90453.953125,90453.953125,88232.8828125,89725.2890625,4549312512
2025-12-05 20:00:00+00:00,89680.0625,89727.28125,88944.9453125,89389.359375,893132800
2025-12-06 00:00:00+00:00,89360.8359375,89793.8984375,89092.0390625,89709.21875,627445760
2025-12-06 04:00:00+00:00,89705.296875,89771.8359375,89501.703125,89638.171875,0
2025-12-06 08:00:00+00:00,89627.609375,89729.40625,89290.7734375,89648.8359375,226177024
2025-12-06 12:00:00+00:00,89659.328125,90174.3359375,89582.7421875,89885.171875,0
2025-12-06 16:00:00+00:00,89779.0546875,89985.5703125,89350.9453125,89433.890625,0
2025-12-06 20:00:00+00:00,89433.6015625,89604.9296875,88981.4921875,89277.8125,259080192
2025-12-07 00:00:00+00:00,89257.46875,89750.2890625,89225.390625,89732.3203125,0
2025-12-07 04:00:00+00:00,89736.515625,89806.9375,89260.28125,89367.4921875,314773504
2025-12-07 08:00:00+00:00,89382.1328125,89524.8515625,89098.2734375,89199.75,62070784
2025-12-07 12:00:00+00:00,89201.8125,89635.671875,87823.5,89498.5859375,3426189312
2025-12-07 16:00:00+00:00,89587.203125,91719.8515625,89199.21875,91367.9921875,6124109824
2025-12-07 20:00:00+00:00,91401.015625,91504.9296875,89150.5390625,90424.5859375,3991441408
2025-12-08 00:00:00+00:00,90426.9453125,91670.484375,90006.03125,91126.984375,4951568384
2025-12-08 04:00:00+00:00,91132.6875,91810.265625,91087.1484375,91544.1953125,1939902464
2025-12-08 08:00:00+00:00,91565.6328125,92255.546875,91526.875,92000.78125,2429562880
2025-12-08 12:00:00+00:00,91982.6640625,92099.34375,89689.6640625,90054.5625,3419762688
2025-12-08 16:00:00+00:00,89910.1796875,90486.9453125,89753.640625,90099.9375,2173693952
2025-12-08 20:00:00+00:00,90125.0390625,91379.140625,90125.0390625,90639.703125,1139195904
2025-12-09 00:00:00+00:00,90644.140625,90820.96875,89830.9375,90435.75,1202860032
2025-12-09 04:00:00+00:00,90412.375,90524.1484375,89586.9765625,90480.9765625,1339244544
2025-12-09 08:00:00+00:00,90477.609375,90595.03125,90014.7890625,90375.5078125,312393728
2025-12-09 12:00:00+00:00,90375.3125,92812.984375,90051.0625,92724.46875,914980864
2025-12-09 16:00:00+00:00,92656.3828125,94601.5703125,92656.3828125,93815.1640625,9747902464
2025-12-09 20:00:00+00:00,93741.5078125,93808.9765625,92316.5546875,92695.234375,1864171520
2025-12-10 00:00:00+00:00,92705.875,92770.34375,92027.890625,92418.5390625,1089171456
2025-12-10 04:00:00+00:00,92415.859375,92733.6328125,92415.40625,92733.6328125,1309835264
2025-12-10 08:00:00+00:00,92778.1796875,93181.6015625,91839.6171875,92112.546875,2958929920
2025-12-10 12:00:00+00:00,92130.1328125,92208.6171875,91676.8984375,92012.4921875,0
2025-12-10 16:00:00+00:00,92072.859375,93128.8515625,91956.8125,92979.0546875,5123604480
2025-12-10 20:00:00+00:00,92946.1171875,94447.9921875,91923.453125,92055.515625,4717125632
2025-12-11 00:00:00+00:00,92034.4453125,92083.9765625,89494.6875,89905.5078125,4501155840
2025-12-11 04:00:00+00:00,89807.2109375,90489.390625,89768.9375,90258.65625,1446944768
2025-12-11 08:00:00+00:00,90257.734375,90488.09375,90008.578125,90276.5078125,183967744
2025-12-11 12:00:00+00:00,90277.78125,90585.953125,89341.171875,89825.3515625,2602782720
2025-12-11 16:00:00+00:00,89912.9921875,91511.421875,89395.0,90834.9921875,0
2025-12-11 20:00:00+00:00,90874.296875,93512.1796875,90874.296875,92513.6640625,4048732160
2025-12-12 00:00:00+00:00,92522.484375,92726.8359375,91506.9921875,92317.5390625,207601664
2025-12-12 04:00:00+00:00,92323.609375,92720.09375,92108.0234375,92448.7109375,3087216640
2025-12-12 08:00:00+00:00,92460.8125,92623.703125,92140.4375,92395.375,5419302912
2025-12-12 12:00:00+00:00,92415.5703125,92589.546875,89817.984375,89817.984375,6511222784
2025-12-12 16:00:00+00:00,89972.2265625,90672.5546875,89546.15625,90169.8515625,9611460608
2025-12-12 20:00:00+00:00,90218.3828125,90410.109375,89926.5234375,90257.796875,467247104
2025-12-13 00:00:00+00:00,90279.3203125,90433.8671875,90128.15625,90344.0859375,1664385024
2025-12-13 04:00:00+00:00,90359.953125,90416.1171875,90290.546875,90350.359375,1433362432
2025-12-13 08:00:00+00:00,90351.9921875,90644.8359375,90335.203125,90355.0390625,270860288
2025-12-13 12:00:00+00:00,90361.4375,90488.75,89988.046875,90119.0390625,0
2025-12-13 16:00:00+00:00,90119.0390625,90260.7734375,90017.15625,90215.390625,0
2025-12-13 20:00:00+00:00,90223.625,90297.0078125,89828.6484375,90296.4375,0
2025-12-14 00:00:00+00:00,90264.171875,90490.1953125,90168.09375,90272.6171875,429215744
2025-12-14 04:00:00+00:00,90274.3125,90342.4140625,90101.96875,90260.6328125,864915456
2025-12-14 08:00:00+00:00,90260.5,90287.25,88899.2578125,89386.75,6338183168
2025-12-14 12:00:00+00:00,89415.796875,89654.21875,88947.625,89052.140625,0
2025-12-14 16:00:00+00:00,89044.1875,89338.21875,88547.8125,88605.0546875,0
2025-12-14 20:00:00+00:00,88660.578125,88823.515625,87638.3203125,88171.078125,0
2025-12-15 00:00:00+00:00,88167.90625,89983.921875,88130.1640625,89300.5546875,0
2025-12-15 04:00:00+00:00,89286.5859375,89899.2421875,89286.5859375,89765.875,0
2025-12-15 08:00:00+00:00,89752.6796875,89975.203125,89589.8671875,89653.140625,384565248
2025-12-15 12:00:00+00:00,89651.890625,89834.75,86681.4453125,86956.4140625,7093598208
2025-12-15 16:00:00+00:00,86872.3515625,87156.4296875,85337.203125,86203.125,8389230592
2025-12-15 20:00:00+00:00,86132.421875,86444.1484375,85570.0859375,86422.1875,1888100352
2025-12-16 00:00:00+00:00,86424.4375,86496.2890625,85568.0546875,85837.78125,1979572224
2025-12-16 04:00:00+00:00,85837.78125,86563.328125,85381.6875,86039.8125,1890127872
2025-12-16 08:00:00+00:00,86007.2109375,87291.6484375,85967.171875,87278.96875,1584852992
2025-12-16 12:00:00+00:00,87245.671875,88108.234375,86272.8125,87875.8828125,3285856256
2025-12-16 16:00:00+00:00,87950.71875,87992.578125,87064.734375,87613.0234375,0
2025-12-16 20:00:00+00:00,87581.15625,87915.609375,87354.046875,87847.6171875,0
2025-12-17 00:00:00+00:00,87842.8671875,87888.8359375,87177.265625,87185.2109375,628613120
2025-12-17 04:00:00+00:00,87210.3828125,87357.15625,86229.78125,87032.375,468123648
2025-12-17 08:00:00+00:00,87024.109375,87080.6953125,86237.71875,86952.9765625,159756288
2025-12-17 12:00:00+00:00,86953.8359375,90234.7734375,86826.59375,87302.0546875,4645810176
2025-12-17 16:00:00+00:00,87222.421875,87693.265625,85344.1796875,85976.78125,3822034944
2025-12-17 20:00:00+00:00,85986.8203125,86350.875,85635.21875,86144.3671875,1265033216
2025-12-18 00:00:00+00:00,86196.7890625,86736.5390625,85848.5,86554.53125,1239846912
2025-12-18 04:00:00+00:00,86583.875,86857.8359375,86367.8125,86772.3515625,47095808
2025-12-18 08:00:00+00:00,86796.6328125,87389.9140625,86674.5703125,87220.5234375,1098354688
2025-12-18 12:00:00+00:00,87271.328125,89283.6640625,87103.390625,88502.203125,4440948736
2025-12-18 16:00:00+00:00,88447.6328125,88466.8203125,84485.53125,84542.4453125,5446352896
2025-12-18 20:00:00+00:00,84460.9765625,85666.7109375,84460.9765625,85476.1328125,4573900800
2025-12-19 00:00:00+00:00,85463.296875,87489.6171875,85114.8828125,86761.8046875,2113105920
2025-12-19 04:00:00+00:00,86789.3828125,88295.3046875,86660.9296875,87899.90625,4039880704
2025-12-19 08:00:00+00:00,87893.8828125,88314.3125,87702.75,88158.4375,942739456
2025-12-19 12:00:00+00:00,88147.6484375,89313.359375,87567.078125,87873.5234375,309714944
2025-12-19 16:00:00+00:00,87939.203125,88755.9453125,86858.1796875,87817.0390625,1538793472
2025-12-19 20:00:00+00:00,87790.046875,88339.921875,87593.0546875,88101.671875,277614592
2025-12-20 00:00:00+00:00,88098.40625,88306.1640625,87924.875,88192.0078125,138588160
2025-12-20 04:00:00+00:00,88181.5234375,88450.6796875,88097.0546875,88217.40625,0
2025-12-20 08:00:00+00:00,88218.359375,88377.5390625,88082.484375,88254.078125,0
2025-12-20 12:00:00+00:00,88239.15625,88279.078125,87953.9375,88148.1640625,0
2025-12-20 16:00:00+00:00,88163.40625,88337.6015625,88086.0546875,88190.2109375,0
2025-12-20 20:00:00+00:00,88185.4453125,88373.46875,88118.7734375,88344.703125,36218880
2025-12-21 00:00:00+00:00,88339.9609375,88387.328125,87870.3671875,88044.75,422770688
2025-12-21 04:00:00+00:00,88038.3828125,88177.2578125,88031.09375,88104.828125,0
2025-12-21 08:00:00+00:00,88129.6328125,89011.0859375,88128.2421875,88585.8359375,1654512640
2025-12-21 12:00:00+00:00,88591.1484375,88878.453125,87624.03125,88039.1875,2048605184
2025-12-21 16:00:00+00:00,88042.78125,88530.125,87957.515625,88482.203125,1241165824
2025-12-21 20:00:00+00:00,88462.3515625,88711.84375,88108.7890625,88621.3984375,728035328
2025-12-22 00:00:00+00:00,88621.6640625,89577.7109375,88013.03125,88758.171875,3731965952
2025-12-22 04:00:00+00:00,88783.2734375,89144.6328125,88702.5859375,89093.9765625,1982580736
2025-12-22 08:00:00+00:00,89118.734375,89989.4453125,89088.1640625,89919.90625,2553886720
2025-12-22 12:00:00+00:00,89915.8828125,90372.2109375,89219.296875,89738.3046875,4868403200
2025-12-22 16:00:00+00:00,89715.3671875,90056.9765625,87975.2265625,88039.9375,3943653376
2025-12-22 20:00:00+00:00,88034.3359375,88732.3828125,87933.328125,88490.03125,2483564544
2025-12-23 00:00:00+00:00,88530.7265625,88857.3046875,87883.34375,88181.9140625,482131968
2025-12-23 04:00:00+00:00,88131.7890625,88304.8671875,87061.8203125,87509.3359375,7456055296
2025-12-23 08:00:00+00:00,87506.2421875,87819.015625,87268.7265625,87819.015625,1763012608
2025-12-23 12:00:00+00:00,87809.015625,87862.21875,86656.34375,87426.453125,0
2025-12-23 16:00:00+00:00,87417.984375,88117.2109375,87151.1953125,87697.2734375,1847566336
2025-12-23 20:00:00+00:00,87709.71875,88271.2109375,87174.4921875,87404.3203125,792784896
2025-12-24 00:00:00+00:00,87431.0859375,87750.0546875,86873.8515625,87287.046875,74338304
2025-12-24 04:00:00+00:00,87286.5234375,87401.4453125,86755.796875,86921.6328125,0
2025-12-24 08:00:00+00:00,86877.7890625,87280.8046875,86691.9375,87156.0859375,178896896
2025-12-24 12:00:00+00:00,87158.4140625,87420.4609375,86411.796875,86914.6015625,0
2025-12-24 16:00:00+00:00,86941.2890625,87572.890625,86904.109375,87495.484375,0
2025-12-24 20:00:00+00:00,87507.8203125,87947.0546875,87489.7734375,87608.3203125,0
2025-12-25 00:00:00+00:00,87608.0546875,87870.1171875,87488.328125,87792.0546875,0
2025-12-25 04:00:00+00:00,87788.71875,87795.21875,87613.1875,87786.6875,0
2025-12-25 08:00:00+00:00,87782.921875,87808.9375,87238.015625,87458.4921875,259958784
2025-12-25 12:00:00+00:00,87476.3203125,88462.0703125,87373.84375,88274.7890625,0
2025-12-25 16:00:00+00:00,88259.4140625,88389.234375,87948.015625,88094.2265625,0
2025-12-25 20:00:00+00:00,88096.2109375,88103.3125,86971.5,87235.5078125,1551816704
2025-12-26 00:00:00+00:00,87214.5,89232.1484375,86917.9765625,88742.3125,7833528320
2025-12-26 04:00:00+00:00,88688.6484375,89439.1171875,88372.125,88372.125,4666808320
2025-12-26 08:00:00+00:00,88394.3984375,88828.0625,88394.3984375,88512.640625,1155010560
2025-12-26 12:00:00+00:00,88493.953125,88983.1640625,86645.6328125,86991.421875,6990108672
2025-12-26 16:00:00+00:00,87063.71875,87481.71875,86785.90625,87414.7265625,2860371968
2025-12-26 20:00:00+00:00,87447.5078125,87698.7109375,87278.109375,87301.4296875,548147200
2025-12-27 00:00:00+00:00,87316.0078125,87463.1796875,87196.078125,87448.96875,0
2025-12-27 04:00:00+00:00,87447.90625,87642.4921875,87369.2734375,87478.546875,0
2025-12-27 08:00:00+00:00,87488.0703125,87606.2109375,87367.0859375,87416.84375,0
2025-12-27 12:00:00+00:00,87451.8359375,87545.8046875,87294.828125,87516.34375,0
2025-12-27 16:00:00+00:00,87492.6640625,87525.015625,87400.0,87512.390625,0
2025-12-27 20:00:00+00:00,87523.9375,87863.984375,87479.7890625,87799.34375,366449664
2025-12-28 00:00:00+00:00,87806.0546875,87866.5859375,87657.78125,87688.1015625,126834688
2025-12-28 04:00:00+00:00,87684.0703125,87743.640625,87555.765625,87665.2734375,70038528
2025-12-28 08:00:00+00:00,87657.328125,87881.890625,87657.328125,87789.5546875,290982912
2025-12-28 12:00:00+00:00,87813.84375,87951.984375,87749.59375,87780.0625,640440320
2025-12-28 16:00:00+00:00,87779.65625,87857.578125,87444.390625,87485.578125,1077680128
2025-12-28 20:00:00+00:00,87476.078125,87898.421875,87396.0390625,87835.7890625,521916416
2025-12-29 00:00:00+00:00,87858.109375,90032.4140625,87756.3671875,90032.4140625,8146573312
2025-12-29 04:00:00+00:00,90012.6328125,90269.015625,89415.9765625,89518.6171875,6265434112
2025-12-29 08:00:00+00:00,89505.28125,89694.109375,87485.3203125,87508.1796875,7119962112
2025-12-29 12:00:00+00:00,87485.1015625,88007.96875,86760.265625,87636.625,8862298112
2025-12-29 16:00:00+00:00,87600.4453125,87870.671875,87238.1015625,87238.1015625,2449547264
2025-12-29 20:00:00+00:00,87246.40625,87482.46875,86975.015625,87134.3515625,1268654080
2025-12-30 00:00:00+00:00,87142.078125,87305.9375,86737.0703125,87285.1484375,0
2025-12-30 04:00:00+00:00,87263.125,87472.65625,87052.0546875,87378.296875,0
2025-12-30 08:00:00+00:00,87377.125,88056.640625,87377.125,87751.421875,239476736
2025-12-30 12:00:00+00:00,87845.296875,88973.1015625,87749.84375,88947.28125,1800990720
2025-12-30 16:00:00+00:00,88916.6796875,89291.796875,87927.6328125,88153.5390625,2932967424
2025-12-30 20:00:00+00:00,88142.3359375,88477.875,87814.0234375,88429.5859375,266125312
2025-12-31 00:00:00+00:00,88407.7265625,88673.15625,88085.4921875,88338.7890625,386588672
2025-12-31 04:00:00+00:00,88342.203125,88517.1484375,88229.0546875,88496.046875,519180288
2025-12-31 08:00:00+00:00,88492.7265625,88894.6484375,88302.9921875,88863.515625,293965824
2025-12-31 12:00:00+00:00,88910.5,89019.9375,87728.4140625,87911.6328125,381339648
2025-12-31 16:00:00+00:00,87845.2421875,87903.6875,87334.125,87455.484375,296370176
2025-12-31 20:00:00+00:00,87419.890625,87738.6171875,87141.0078125,87508.046875,1170632704
2026-01-01 00:00:00+00:00,87512.875,87922.5234375,87512.875,87710.953125,0
2026-01-01 04:00:00+00:00,87698.5078125,87698.5078125,87413.7578125,87479.6875,441933824
2026-01-01 08:00:00+00:00,87486.9296875,87875.796875,87486.9296875,87875.796875,0
2026-01-01 12:00:00+00:00,87878.8671875,87941.4140625,87713.8515625,87922.0625,0
2026-01-01 16:00:00+00:00,87920.5625,88358.0390625,87762.65625,88222.2578125,0
2026-01-01 20:00:00+00:00,88239.71875,88791.9765625,88133.1328125,88733.0625,631752704
2026-01-02 00:00:00+00:00,88725.46875,88985.9609375,88298.6171875,88778.703125,1673244672
2026-01-02 04:00:00+00:00,88832.3828125,88956.0703125,88477.3984375,88773.3203125,998658048
2026-01-02 08:00:00+00:00,88754.0859375,89786.4921875,88711.90625,89428.8046875,5463789568
2026-01-02 12:00:00+00:00,89412.015625,89990.46875,88506.0078125,89319.90625,7984838656
2026-01-02 16:00:00+00:00,89318.4140625,90865.4453125,89190.1171875,89878.859375,10050420736
2026-01-02 20:00:00+00:00,89869.515625,90347.03125,89599.8515625,89945.0546875,2184658944
2026-01-03 00:00:00+00:00,89948.5625,90362.2578125,89929.8984375,90293.8828125,33968128
2026-01-03 04:00:00+00:00,90321.4921875,90391.078125,89386.046875,89553.9609375,960909312
2026-01-03 08:00:00+00:00,89515.1796875,89942.8671875,89438.5,89713.3671875,38719488
2026-01-03 12:00:00+00:00,89686.890625,90183.1015625,89618.546875,89927.828125,0
2026-01-03 16:00:00+00:00,89917.1640625,90147.7734375,89875.0,90056.625,0
2026-01-03 20:00:00+00:00,90065.5546875,90672.265625,89979.421875,90603.0,0
2026-01-04 00:00:00+00:00,90615.3671875,91390.7265625,90615.3671875,91205.828125,3020615680
2026-01-04 04:00:00+00:00,91217.7890625,91685.1796875,91196.921875,91474.9375,175069184
2026-01-04 08:00:00+00:00,91487.390625,91554.625,91176.1171875,91235.6796875,2465144832
2026-01-04 12:00:00+00:00,91236.4609375,91349.0859375,91015.5078125,91270.453125,634882048
2026-01-04 16:00:00+00:00,91286.796875,91391.921875,90877.046875,91099.46875,1352497152
2026-01-04 20:00:00+00:00,91100.7890625,91463.3515625,91084.6875,91414.625,280948736
2026-01-05 00:00:00+00:00,91498.046875,93177.6171875,91498.046875,92845.640625,6692913152
2026-01-05 04:00:00+00:00,92841.5,92896.2265625,92141.8984375,92474.3359375,966678528
2026-01-05 08:00:00+00:00,92491.6640625,93086.3828125,92298.984375,93051.1875,600989696
2026-01-05 12:00:00+00:00,93083.203125,93933.75,92410.171875,93883.9453125,7100956672
2026-01-05 16:00:00+00:00,93873.3671875,94480.921875,93283.2265625,94225.5859375,7825530880
2026-01-05 20:00:00+00:00,94219.390625,94673.3984375,93876.9453125,93876.9453125,4495077376
2026-01-06 00:00:00+00:00,93869.1328125,94130.609375,93542.1796875,93762.5859375,463204352
2026-01-06 04:00:00+00:00,93750.640625,93971.703125,93119.6328125,93213.8984375,1240121344
2026-01-06 08:00:00+00:00,93206.53125,93846.890625,93142.25,93789.015625,0
2026-01-06 12:00:00+00:00,93825.0,94391.71875,93331.9453125,93480.5390625,1294888960
2026-01-06 16:00:00+00:00,93658.0859375,93674.859375,91526.3203125,92048.78125,4489895936
2026-01-06 20:00:00+00:00,92053.625,93759.796875,92053.625,93727.46875,3116371968
2026-01-07 00:00:00+00:00,93623.96875,93637.75,92208.34375,92743.2890625,2960314368
2026-01-07 04:00:00+00:00,92730.953125,92828.3046875,92457.546875,92773.609375,236961792
2026-01-07 08:00:00+00:00,92795.28125,92864.1953125,91557.2578125,92074.484375,2671669248
2026-01-07 12:00:00+00:00,92064.4140625,92174.03125,91068.46875,91265.1015625,49598464
2026-01-07 16:00:00+00:00,91313.859375,91659.7578125,90658.6328125,91131.265625,1650155520
2026-01-07 20:00:00+00:00,91098.1484375,91346.1171875,90726.890625,91309.640625,319004672
2026-01-08 00:00:00+00:00,91280.703125,91450.6875,90585.265625,90704.7265625,537935872
2026-01-08 04:00:00+00:00,90726.5625,91050.5234375,89578.3125,90434.546875,3591192576
2026-01-08 08:00:00+00:00,90428.6953125,90569.234375,89698.6328125,90068.7265625,2082942976
2026-01-08 12:00:00+00:00,90082.265625,90649.90625,89291.1328125,90649.90625,485527552
2026-01-08 16:00:00+00:00,90710.4921875,91345.546875,90232.7109375,90819.8046875,1213386752
2026-01-08 20:00:00+00:00,90855.390625,91385.109375,90482.4296875,91025.75,893390848
2026-01-09 00:00:00+00:00,91019.5859375,91412.484375,90795.625,91112.8046875,152719360
2026-01-09 04:00:00+00:00,91125.5546875,91125.5546875,90687.078125,90687.078125,0
2026-01-09 08:00:00+00:00,90649.5,90730.6484375,89628.5703125,90337.78125,793100288
2026-01-09 12:00:00+00:00,90345.2265625,91864.40625,89794.6640625,90999.8203125,2655612928
2026-01-09 16:00:00+00:00,91028.7109375,91662.3515625,90150.90625,90267.0546875,1424515072
2026-01-09 20:00:00+00:00,90144.8046875,90595.9140625,90117.078125,90510.1015625,3289088
2026-01-10 00:00:00+00:00,90509.2109375,90655.21875,90417.703125,90507.671875,0
2026-01-10 04:00:00+00:00,90512.125,90546.71875,90311.09375,90537.1953125,15286272
2026-01-10 08:00:00+00:00,90546.8046875,90712.703125,90499.1171875,90610.2734375,0
2026-01-10 12:00:00+00:00,90606.9765625,90659.484375,90426.2734375,90543.0546875,0
2026-01-10 16:00:00+00:00,90541.8203125,90623.078125,90410.6171875,90507.0390625,0
2026-01-10 20:00:00+00:00,90507.8671875,90531.5078125,90287.2734375,90385.359375,3770368
2026-01-11 00:00:00+00:00,90385.625,90617.046875,90333.6484375,90617.046875,0
2026-01-11 04:00:00+00:00,90613.515625,90716.96875,90506.7265625,90589.421875,337265664
2026-01-11 08:00:00+00:00,90597.4375,90683.984375,90526.84375,90593.4609375,332977152
2026-01-11 12:00:00+00:00,90610.3203125,91043.9453125,90609.609375,90747.7578125,1560734720
2026-01-11 16:00:00+00:00,90751.171875,91147.3671875,90555.03125,90593.4765625,1184756736
2026-01-11 20:00:00+00:00,90596.71875,90888.4453125,90226.9609375,90825.859375,2312117248
2026-01-12 00:00:00+00:00,90851.8984375,92384.8515625,90617.9765625,91719.34375,6967221248
2026-01-12 04:00:00+00:00,91694.4140625,92151.6484375,91278.328125,91301.734375,2993596416
2026-01-12 08:00:00+00:00,91290.7890625,91499.1796875,90261.9609375,90566.390625,3965339648
2026-01-12 12:00:00+00:00,90536.359375,91546.453125,90095.2578125,91546.453125,4601849856
2026-01-12 16:00:00+00:00,91571.625,92210.1484375,91015.9765625,91770.25,6130024448
2026-01-12 20:00:00+00:00,91784.5625,91962.3125,90894.484375,91185.3359375,594296832
2026-01-13 00:00:00+00:00,91195.6328125,91432.3203125,90941.9296875,91291.3125,2981888
2026-01-13 04:00:00+00:00,91293.7890625,92145.1015625,91238.9609375,91853.8203125,2710687744
2026-01-13 08:00:00+00:00,91868.9609375,92510.2109375,91846.6640625,91893.6484375,34692947968
2026-01-13 12:00:00+00:00,91932.1484375,93294.53125,91760.140625,93283.03125,37511143424
2026-01-13 16:00:00+00:00,93500.4609375,94194.6484375,93097.4921875,94194.6484375,3766996992
2026-01-13 20:00:00+00:00,94222.4765625,95935.6484375,94058.6640625,95322.90625,11671425024
2026-01-14 00:00:00+00:00,95363.3046875,95632.609375,95111.1875,95630.9765625,5077176320
2026-01-14 04:00:00+00:00,95694.421875,95694.421875,94583.046875,95176.1328125,1786220544
2026-01-14 08:00:00+00:00,95162.828125,95231.53125,94706.0078125,94706.0078125,346828800
2026-01-14 12:00:00+00:00,94727.6953125,96984.578125,94701.1328125,96710.59375,6005002240
2026-01-14 16:00:00+00:00,96699.578125,97747.125,96295.0625,97265.78125,4602605568
2026-01-14 20:00:00+00:00,97244.59375,97860.6015625,96832.3359375,96931.2890625,357670912
2026-01-15 00:00:00+00:00,96934.609375,96973.4609375,95763.4375,95963.015625,1210802176
2026-01-15 04:00:00+00:00,95941.859375,96651.6484375,95930.7421875,96516.46875,8413184
2026-01-15 08:00:00+00:00,96560.265625,97150.171875,96309.9296875,96587.4453125,1536602112
2026-01-15 12:00:00+00:00,96551.375,97097.1171875,95416.09375,96434.890625,191619072
2026-01-15 16:00:00+00:00,96649.9453125,97015.3515625,95284.75,95411.0859375,1491587072
2026-01-15 20:00:00+00:00,95423.5546875,95784.0390625,95112.25,95554.1015625,0
2026-01-16 00:00:00+00:00,95562.78125,95759.5625,95297.765625,95325.96875,0
2026-01-16 04:00:00+00:00,95306.4375,95759.96875,95125.375,95633.5390625,512692224
2026-01-16 08:00:00+00:00,95630.6875,95801.890625,95226.6796875,95389.3203125,297009152
2026-01-16 12:00:00+00:00,95397.6015625,95635.9140625,94268.7734375,94605.625,0
2026-01-16 16:00:00+00:00,94559.625,95156.140625,94517.3515625,94964.3359375,0
2026-01-16 20:00:00+00:00,94957.2890625,95531.8515625,94650.234375,95525.15625,274749440
2026-01-17 00:00:00+00:00,95514.765625,95523.9765625,95194.140625,95330.2109375,0
2026-01-17 04:00:00+00:00,95324.578125,95324.578125,95030.25,95061.109375,0
2026-01-17 08:00:00+00:00,95051.65625,95268.0,95020.9609375,95255.2421875,0
2026-01-17 12:00:00+00:00,95267.8359375,95596.8828125,95152.8828125,95525.6328125,0
2026-01-17 16:00:00+00:00,95509.640625,95509.640625,95201.4140625,95261.3515625,0
2026-01-17 20:00:00+00:00,95259.2578125,95367.46875,95011.4375,95101.1796875,0
2026-01-18 00:00:00+00:00,95112.3984375,95189.4921875,94848.9296875,95147.21875,464490496
2026-01-18 04:00:00+00:00,95121.0546875,95189.578125,94995.9296875,95023.484375,248549376
2026-01-18 08:00:00+00:00,94999.828125,95245.3203125,94977.6953125,95124.703125,730985472
2026-01-18 12:00:00+00:00,95129.015625,95275.953125,94884.125,95088.28125,756844544
2026-01-18 16:00:00+00:00,95082.828125,95488.1796875,95044.390625,95334.5625,971800576
2026-01-18 20:00:00+00:00,95345.9609375,95481.4296875,93595.4140625,93655.671875,3552512000
2026-01-19 00:00:00+00:00,93646.9140625,93646.9140625,92234.4140625,92642.5625,10808797184
2026-01-19 04:00:00+00:00,92654.5546875,92792.71875,92381.03125,92792.71875,2578491392
2026-01-19 08:00:00+00:00,92793.3515625,93259.109375,92696.0390625,93140.140625,3297517568
2026-01-19 12:00:00+00:00,93136.5390625,93153.4375,92677.9453125,93022.8125,1738657792
2026-01-19 16:00:00+00:00,93003.4296875,93345.34375,92884.6015625,93079.109375,1145241600
2026-01-19 20:00:00+00:00,93067.625,93249.3515625,92152.296875,92553.6015625,792141824
2026-01-20 00:00:00+00:00,92583.640625,92797.2109375,92217.1171875,92357.453125,0
2026-01-20 04:00:00+00:00,92367.1171875,92385.4921875,90714.109375,91076.8671875,5604958208
2026-01-20 08:00:00+00:00,91083.25,91334.3828125,90623.09375,91146.7578125,665300992
2026-01-20 12:00:00+00:00,91131.4609375,91273.8984375,89835.34375,90429.4609375,6747713536
2026-01-20 16:00:00+00:00,90583.625,90856.9453125,89193.546875,89597.7265625,6883917824
2026-01-20 20:00:00+00:00,89600.03125,89699.453125,87828.9140625,88326.5078125,4244951040
2026-01-21 00:00:00+00:00,88321.28125,89455.671875,88163.0546875,89315.8828125,3980853248
2026-01-21 04:00:00+00:00,89315.8828125,89972.5234375,88987.125,89049.6171875,609591296
2026-01-21 08:00:00+00:00,89112.140625,89381.4921875,88652.5859375,88687.1328125,103473152
2026-01-21 12:00:00+00:00,88694.875,90412.0625,88190.734375,90238.5859375,5276278784
2026-01-21 16:00:00+00:00,90192.3828125,90284.2578125,87240.59375,90246.1328125,6152347648
2026-01-21 20:00:00+00:00,90271.765625,90309.03125,89306.90625,89378.5234375,1039695872
2026-01-22 00:00:00+00:00,89372.4296875,90254.0546875,89372.4296875,89806.5078125,0
2026-01-22 04:00:00+00:00,89799.9140625,90115.2890625,89713.28125,89713.28125,0
2026-01-22 08:00:00+00:00,89737.8359375,90053.109375,89688.9609375,89853.8828125,991895552
2026-01-22 12:00:00+00:00,89853.265625,90220.1015625,88438.4453125,88943.0234375,111083520
2026-01-22 16:00:00+00:00,88937.2578125,89809.1328125,88648.4296875,89729.1796875,0
2026-01-22 20:00:00+00:00,89704.7109375,89835.3984375,89086.1484375,89462.046875,0
2026-01-23 00:00:00+00:00,89460.1953125,89849.0390625,89362.640625,89806.8046875,0
2026-01-23 04:00:00+00:00,89816.9921875,89924.640625,89346.40625,89438.1640625,1493258240
2026-01-23 08:00:00+00:00,89440.5234375,89492.421875,88794.5859375,89056.578125,1533472768
2026-01-23 12:00:00+00:00,89088.9609375,89732.8203125,88585.921875,89529.734375,95121408
2026-01-23 16:00:00+00:00,89636.40625,91088.8125,89420.1796875,89854.390625,3799019520
2026-01-23 20:00:00+00:00,89867.703125,90037.921875,89199.8984375,89506.1484375,1264881664
2026-01-24 00:00:00+00:00,89487.0,89795.78125,89305.03125,89647.421875,118484992
2026-01-24 04:00:00+00:00,89644.4140625,89730.140625,89442.890625,89471.3125,0
2026-01-24 08:00:00+00:00,89480.171875,89543.7578125,89453.5078125,89467.3671875,0
2026-01-24 12:00:00+00:00,89458.0546875,89458.0546875,89119.8203125,89143.546875,0
2026-01-24 16:00:00+00:00,89147.7734375,89324.7890625,89049.9609375,89182.1875,0
2026-01-24 20:00:00+00:00,89188.1796875,89333.6484375,89104.765625,89104.765625,0
2026-01-25 00:00:00+00:00,89095.46875,89186.140625,88717.078125,88839.1171875,223983616
2026-01-25 04:00:00+00:00,88840.0625,88950.6015625,88503.3671875,88513.375,1012579328
2026-01-25 08:00:00+00:00,88521.5078125,88615.0078125,88088.53125,88436.84375,2032449536
2026-01-25 12:00:00+00:00,88440.3203125,88833.125,88274.546875,88330.328125,883298304
2026-01-25 16:00:00+00:00,88332.8515625,88332.8515625,86344.515625,86388.40625,10163433472
2026-01-25 20:00:00+00:00,86402.265625,86884.3515625,86003.7109375,86566.5234375,7484497920
2026-01-26 00:00:00+00:00,86577.5859375,87847.46875,86433.8046875,87120.2421875,6002487296
2026-01-26 04:00:00+00:00,87137.65625,87938.8515625,87137.65625,87904.1171875,4708745216
2026-01-26 08:00:00+00:00,87896.6328125,88138.546875,87519.9453125,87761.484375,900595712
2026-01-26 12:00:00+00:00,87757.75,88715.4921875,87328.375,87579.9296875,7031046144
2026-01-26 16:00:00+00:00,87553.265625,88419.7578125,87025.0546875,87919.96875,103497728
2026-01-26 20:00:00+00:00,87912.3046875,88548.1875,87453.5859375,88257.4765625,0
2026-01-27 00:00:00+00:00,88190.84375,88759.0,88102.9921875,88640.9453125,0
2026-01-27 04:00:00+00:00,88643.2578125,88813.1328125,88173.7265625,88205.3828125,0
2026-01-27 08:00:00+00:00,88216.96875,88276.5,87652.4375,87900.7734375,634118144
2026-01-27 12:00:00+00:00,87884.34375,88267.328125,87467.875,87908.796875,393248768
2026-01-27 16:00:00+00:00,87919.828125,88671.171875,87268.1953125,88292.1875,2759610368
2026-01-27 20:00:00+00:00,88286.953125,89403.3515625,88268.1015625,89104.046875,2496155648
2026-01-28 00:00:00+00:00,89129.90625,89367.5546875,88884.53125,89013.21875,804864000
2026-01-28 04:00:00+00:00,89000.6328125,89259.1171875,88736.1484375,89012.0546875,27291648
2026-01-28 08:00:00+00:00,89009.1640625,89978.96875,88752.9921875,89947.3515625,2782044160
2026-01-28 12:00:00+00:00,89964.140625,90304.5234375,88976.4140625,89381.1953125,3130306560
2026-01-28 16:00:00+00:00,89404.578125,90339.96875,88921.5546875,89425.9921875,1316503552
2026-01-28 20:00:00+00:00,89342.6640625,89620.546875,88780.7734375,89169.8515625,0
2026-01-29 00:00:00+00:00,89191.0546875,89191.0546875,87634.8359375,87938.640625,3385450496
2026-01-29 04:00:00+00:00,87916.703125,88293.34375,87783.8203125,88280.1484375,993615872
2026-01-29 08:00:00+00:00,88212.9375,88292.7109375,87629.2109375,87690.2109375,674963456
2026-01-29 12:00:00+00:00,87709.984375,87996.1015625,84327.9765625,84758.59375,8217477120
2026-01-29 16:00:00+00:00,84780.3671875,85425.3046875,83306.4609375,83862.9375,12063514624
2026-01-29 20:00:00+00:00,83852.4140625,84590.1875,83669.921875,84562.7265625,3580297216
2026-01-30 00:00:00+00:00,84553.6875,84593.25,81075.1328125,82581.6640625,10443517952
2026-01-30 04:00:00+00:00,82551.75,83178.6796875,81949.140625,82710.9453125,6067421184
2026-01-30 08:00:00+00:00,82688.2734375,83098.0546875,82057.5859375,83055.71875,2590949376
2026-01-30 12:00:00+00:00,83013.2421875,83562.625,82374.90625,82771.1953125,3764781056
2026-01-30 16:00:00+00:00,82770.171875,84414.1875,81823.2578125,84213.6484375,956481536
2026-01-30 20:00:00+00:00,84120.6640625,84338.046875,83425.53125,84126.5,1559502848
2026-01-31 00:00:00+00:00,84121.6015625,84130.375,83686.375,83896.1015625,0
2026-01-31 04:00:00+00:00,83884.8515625,84005.359375,83255.703125,83409.8046875,0
2026-01-31 08:00:00+00:00,83401.9921875,83450.9296875,82553.8046875,82843.46875,840929280
2026-01-31 12:00:00+00:00,82866.5234375,82979.6640625,80851.734375,81127.515625,2602426368
2026-01-31 16:00:00+00:00,81181.5625,81708.4296875,76092.7890625,77820.7421875,15882231808
2026-01-31 20:00:00+00:00,77661.0390625,79122.1484375,77033.0078125,78626.125,4875497472
2026-02-01 00:00:00+00:00,78655.09375,79284.5,78245.0078125,78803.34375,3170951168
2026-02-01 04:00:00+00:00,78790.4609375,79003.578125,77937.5234375,78274.625,1327783936
2026-02-01 08:00:00+00:00,78269.703125,79117.34375,78076.1328125,78672.671875,1327751168
2026-02-01 12:00:00+00:00,78675.828125,78675.828125,76879.5546875,77652.15625,1947598848
2026-02-01 16:00:00+00:00,77521.90625,78303.7578125,76932.9921875,77017.9296875,0
2026-02-01 20:00:00+00:00,77097.5859375,77527.2109375,75730.4296875,76968.875,3919167488
2026-02-02 00:00:00+00:00,76899.453125,78038.875,74567.171875,76201.125,7320051712
2026-02-02 04:00:00+00:00,76211.796875,76772.703125,74875.734375,76630.1015625,9751478272
2026-02-02 08:00:00+00:00,76550.1015625,77875.234375,76550.1015625,77647.1171875,3299958784
2026-02-02 12:00:00+00:00,77705.25,79207.78125,77555.8515625,78802.921875,4922941440
2026-02-02 16:00:00+00:00,78797.265625,79186.15625,78263.4609375,78443.40625,3546718208
2026-02-02 20:00:00+00:00,78199.2265625,78876.578125,77918.9921875,78693.5078125,10346496
2026-02-03 00:00:00+00:00,78677.4453125,79104.7578125,77604.5078125,78719.21875,0
2026-02-03 04:00:00+00:00,78692.9140625,78908.9140625,77936.09375,78674.046875,0
2026-02-03 08:00:00+00:00,78675.0703125,78942.1796875,77895.4609375,78038.4609375,0
2026-02-03 12:00:00+00:00,78007.921875,78374.125,77043.4921875,78089.84375,0
2026-02-03 16:00:00+00:00,78075.03125,78075.03125,72957.203125,74939.3515625,13652529152
2026-02-03 20:00:00+00:00,74880.3203125,76820.0234375,74527.0703125,75640.09375,4328673280
2026-02-04 00:00:00+00:00,75621.7265625,76858.1328125,75366.078125,76621.1328125,818237440
2026-02-04 04:00:00+00:00,76617.9140625,76712.1953125,76033.015625,76402.2265625,1160429568
2026-02-04 08:00:00+00:00,76412.5,76481.625,75602.859375,76008.765625,1096249344
2026-02-04 12:00:00+00:00,75947.3359375,76140.171875,73774.4765625,74074.9140625,5127815168
2026-02-04 16:00:00+00:00,74013.046875,74067.9375,72147.59375,73782.9140625,0
2026-02-04 20:00:00+00:00,73768.2265625,73892.3359375,71801.09375,73042.9765625,2445561856
2026-02-05 00:00:00+00:00,73019.046875,73161.5546875,71033.1875,71080.6328125,5918498816
2026-02-05 04:00:00+00:00,71095.203125,71392.6015625,70045.265625,70511.1640625,9419423744
2026-02-05 08:00:00+00:00,70567.3359375,71770.03125,69875.6015625,70168.015625,7094984704
2026-02-05 12:00:00+00:00,70200.3203125,70626.5546875,66666.5625,67298.3125,10067861504
2026-02-05 16:00:00+00:00,67372.921875,68465.875,65099.53515625,65136.609375,8498962432
2026-02-05 20:00:00+00:00,65125.8515625,65465.00390625,62473.234375,62704.453125,19873054720
2026-02-06 00:00:00+00:00,62801.2734375,65882.78125,60074.8046875,64074.9453125,18944811008
2026-02-06 04:00:00+00:00,64116.52734375,66687.8984375,64047.6640625,64802.48046875,1443659776
2026-02-06 08:00:00+00:00,64748.1484375,66610.0703125,64466.109375,66508.9140625,3864821760
2026-02-06 12:00:00+00:00,66528.8515625,69125.625,66097.9296875,68622.9140625,3630432256
2026-02-06 16:00:00+00:00,68613.3359375,71438.921875,68516.328125,70739.2421875,1737785344
2026-02-06 20:00:00+00:00,70672.296875,71670.015625,69863.625,70553.796875,0
2026-02-07 00:00:00+00:00,70524.3515625,70818.9375,69693.6640625,70793.75,437444608
2026-02-07 04:00:00+00:00,70873.4921875,71611.1484375,67375.96875,68144.4140625,3177095168
2026-02-07 08:00:00+00:00,68076.0,68692.375,67587.890625,67935.734375,1170219008
2026-02-07 12:00:00+00:00,67943.171875,69737.5,67943.171875,69057.765625,1515642880
2026-02-07 16:00:00+00:00,69083.765625,69622.3359375,68637.796875,69262.84375,0
2026-02-07 20:00:00+00:00,69317.5703125,69656.6640625,68762.859375,69283.7265625,10575872
2026-02-08 00:00:00+00:00,69302.40625,69629.640625,68852.8984375,69053.3359375,0
2026-02-08 04:00:00+00:00,69061.484375,69640.6875,68951.5703125,69640.6875,0
2026-02-08 08:00:00+00:00,69644.28125,71117.5859375,69501.515625,70906.015625,14655488
2026-02-08 12:00:00+00:00,70936.6484375,71491.65625,70678.2734375,71068.4609375,0
2026-02-08 16:00:00+00:00,71098.765625,71471.8828125,70327.515625,71368.1640625,0
2026-02-08 20:00:00+00:00,71368.8203125,72142.7421875,70016.5546875,70243.328125,3096944640
2026-02-09 00:00:00+00:00,70306.1171875,71358.8046875,70057.1484375,71210.2890625,2428690432
2026-02-09 04:00:00+00:00,71276.8828125,71292.8671875,70340.8828125,70396.03125,2598563840
2026-02-09 08:00:00+00:00,70424.5546875,70505.0625,68418.9921875,68798.65625,1328357376
2026-02-09 12:00:00+00:00,68801.234375,69783.625,68369.4296875,69482.2890625,2801348608
2026-02-09 16:00:00+00:00,69517.5546875,70993.3125,69104.25,70882.671875,3966648320
2026-02-09 20:00:00+00:00,70907.5703125,71043.4765625,69874.1875,70137.390625,3575001088
2026-02-10 00:00:00+00:00,70109.421875,70449.8515625,69226.5,69443.59375,0
2026-02-10 04:00:00+00:00,69527.4453125,69831.4140625,68737.765625,68896.2421875,715829248
2026-02-10 08:00:00+00:00,68863.609375,69327.78125,68473.6796875,68473.6796875,0
2026-02-10 12:00:00+00:00,68469.390625,69486.421875,67931.1328125,69265.8515625,708595712
2026-02-10 16:00:00+00:00,69238.421875,69936.46875,68627.484375,68995.203125,0
2026-02-10 20:00:00+00:00,69034.5234375,69058.1953125,68329.9921875,68791.859375,0
2026-02-11 00:00:00+00:00,68791.1796875,69242.65625,68038.984375,68242.171875,716517376
2026-02-11 04:00:00+00:00,68134.875,68263.1875,66580.6484375,67004.359375,2142425088
2026-02-11 08:00:00+00:00,67003.2421875,67057.5234375,66365.78125,67025.0234375,1412734976
2026-02-11 12:00:00+00:00,67025.34375,68564.3984375,65757.3046875,66516.078125,3854401536
2026-02-11 16:00:00+00:00,66471.21875,67758.1015625,65899.390625,67536.265625,1494011904
2026-02-11 20:00:00+00:00,67546.9765625,68199.03125,66757.3046875,66992.1953125,2343673856
2026-02-12 00:00:00+00:00,67025.5546875,67986.8359375,67025.5546875,67529.8125,1789849600
2026-02-12 04:00:00+00:00,67544.3984375,67584.703125,66652.453125,67168.515625,0
2026-02-12 08:00:00+00:00,67181.328125,68204.9609375,66885.03125,68084.796875,687751168
2026-02-12 12:00:00+00:00,68108.84375,68324.65625,67091.15625,67116.5078125,0
2026-02-12 16:00:00+00:00,67161.2578125,67161.2578125,65109.65625,65781.4140625,3589963776
2026-02-12 20:00:00+00:00,65740.4296875,66390.46875,65226.83984375,66213.375,1053601792
2026-02-13 00:00:00+00:00,66123.4375,66710.9609375,65843.5390625,66452.0,262848512
2026-02-13 04:00:00+00:00,66470.5078125,66599.0,65969.515625,66145.0,834113536
2026-02-13 08:00:00+00:00,66155.3515625,67143.9296875,66155.3515625,67143.9296875,161689600
2026-02-13 12:00:00+00:00,67120.625,69160.8046875,66886.7890625,68573.484375,3296583680
2026-02-13 16:00:00+00:00,68632.4375,69346.125,68632.4375,68956.765625,0
2026-02-13 20:00:00+00:00,68967.8671875,69012.0546875,68649.2421875,68856.984375,1409024
2026-02-14 00:00:00+00:00,68857.7265625,69076.6640625,68756.8828125,68942.359375,0
2026-02-14 04:00:00+00:00,68941.2421875,69288.78125,68706.6171875,69235.171875,0
2026-02-14 08:00:00+00:00,69184.8515625,70448.53125,69184.8515625,70448.53125,2282958848
2026-02-14 12:00:00+00:00,70459.6796875,70459.6796875,69262.09375,69760.9375,2903179264
2026-02-14 16:00:00+00:00,69767.5234375,69877.1953125,69286.7734375,69811.453125,0
2026-02-14 20:00:00+00:00,69823.3203125,70206.0625,69664.140625,69764.953125,503341056
2026-02-15 00:00:00+00:00,69758.5390625,69957.2265625,69270.2265625,69957.2265625,1549307904
2026-02-15 04:00:00+00:00,69964.9140625,70827.375,69950.46875,70750.796875,4147933184
2026-02-15 08:00:00+00:00,70816.625,70895.6875,70206.6796875,70266.6796875,272478208
2026-02-15 12:00:00+00:00,70263.6484375,70338.4140625,68773.4921875,69055.6328125,0
2026-02-15 16:00:00+00:00,69059.234375,69059.234375,68084.453125,68289.0546875,4007522304
2026-02-15 20:00:00+00:00,68246.6171875,69026.75,68137.8984375,68782.3984375,122179584
2026-02-16 00:00:00+00:00,68776.75,69009.1015625,68138.46875,68374.7734375,319762432
2026-02-16 04:00:00+00:00,68388.3828125,68846.7578125,68253.8828125,68540.9375,196956160
2026-02-16 08:00:00+00:00,68546.1484375,69019.5703125,68334.484375,68831.296875,197976064
2026-02-16 12:00:00+00:00,68821.171875,70006.734375,67316.984375,67508.296875,3681894400
2026-02-16 16:00:00+00:00,67497.1796875,68192.6328125,67497.1796875,67921.140625,105246720
2026-02-16 20:00:00+00:00,67890.890625,68941.3984375,67825.578125,68843.09375,514607104
2026-02-17 00:00:00+00:00,68852.828125,69201.8671875,68391.234375,68462.9296875,139864064
2026-02-17 04:00:00+00:00,68439.703125,68648.921875,67903.1953125,68365.078125,440700928
2026-02-17 08:00:00+00:00,68353.0390625,68436.59375,67687.7578125,67828.8984375,76922880
2026-02-17 12:00:00+00:00,67808.421875,68293.2734375,66662.6875,67354.390625,1486221312
2026-02-17 16:00:00+00:00,67319.1484375,68172.9453125,66955.140625,67791.65625,3261976576
2026-02-17 20:00:00+00:00,67763.9453125,67890.7890625,67389.2421875,67507.3203125,415297536
2026-02-18 00:00:00+00:00,67482.6484375,67639.0546875,66877.9765625,67636.9921875,218458112
2026-02-18 04:00:00+00:00,67597.7109375,68168.6015625,67471.21875,68102.8046875,666810368
2026-02-18 08:00:00+00:00,68090.7578125,68385.984375,67113.7578125,67358.8671875,701212672
2026-02-18 12:00:00+00:00,67346.34375,68274.953125,66767.71875,67606.5546875,0
2026-02-18 16:00:00+00:00,67661.4765625,67661.4765625,65896.546875,66113.3984375,1253414912
2026-02-18 20:00:00+00:00,66169.171875,66494.734375,66082.7421875,66425.625,1329190912
2026-02-19 00:00:00+00:00,66441.8515625,66928.09375,66323.90625,66915.53125,313618432
2026-02-19 04:00:00+00:00,66953.765625,67247.71875,66666.1640625,67162.84375,461682688
2026-02-19 08:00:00+00:00,67186.15625,67186.15625,66470.890625,66470.9375,73097216
2026-02-19 12:00:00+00:00,66463.6171875,66692.1640625,65672.125,66353.5703125,1381814272
2026-02-19 16:00:00+00:00,66384.875,67165.4140625,65965.78125,67021.28125,498089984
2026-02-19 20:00:00+00:00,67024.2265625,67136.171875,66636.453125,66958.578125,614277120
2026-02-20 00:00:00+00:00,66959.8671875,67448.2734375,66945.0,67343.1328125,735479808
2026-02-20 04:00:00+00:00,67334.6015625,67976.796875,67112.5625,67780.3203125,1282095104
2026-02-20 08:00:00+00:00,67804.140625,68260.71875,67410.9375,67410.9375,1627344896
2026-02-20 12:00:00+00:00,67318.1640625,67994.2421875,66507.2109375,67543.796875,6596315136
2026-02-20 16:00:00+00:00,67578.8046875,67974.46875,66999.8046875,67637.828125,5602402304
2026-02-20 20:00:00+00:00,67628.1640625,68185.453125,67559.5625,68000.25,1096642560
2026-02-21 00:00:00+00:00,67996.2109375,68053.65625,67558.4375,67636.8515625,343064576
2026-02-21 04:00:00+00:00,67621.671875,67900.4453125,67585.96875,67836.328125,0
2026-02-21 08:00:00+00:00,67836.2421875,68246.34375,67818.71875,68070.296875,0
2026-02-21 12:00:00+00:00,68077.7734375,68652.921875,67921.765625,68631.53125,0
2026-02-21 16:00:00+00:00,68602.7890625,68613.8359375,68127.203125,68526.921875,0
2026-02-21 20:00:00+00:00,68513.03125,68574.2265625,67936.3828125,67998.828125,475136
2026-02-22 00:00:00+00:00,67985.015625,68197.609375,67797.3125,68004.8359375,54294528
2026-02-22 04:00:00+00:00,68023.6875,68133.8203125,67868.3828125,67996.5703125,241993728
2026-02-22 08:00:00+00:00,67996.6015625,68228.453125,67918.84375,68194.921875,0
2026-02-22 12:00:00+00:00,68197.59375,68207.8125,67310.578125,67687.765625,1381692416
2026-02-22 16:00:00+00:00,67670.21875,67670.8828125,67185.6015625,67402.8828125,560443392
2026-02-22 20:00:00+00:00,67400.375,67710.84375,67339.421875,67668.4296875,445929472
2026-02-23 00:00:00+00:00,67616.5390625,67633.90625,64400.73828125,64946.36328125,11880744960
2026-02-23 04:00:00+00:00,64958.4921875,65970.2421875,64681.89453125,65941.9375,4854315008
2026-02-23 08:00:00+00:00,65941.09375,66528.5625,65584.40625,66182.5,3911569408
2026-02-23 12:00:00+00:00,66190.59375,66494.0,65601.9921875,65696.8359375,2084630528
2026-02-23 16:00:00+00:00,65641.609375,65714.46875,64162.43359375,64333.2734375,7380676608
2026-02-23 20:00:00+00:00,64289.92578125,64984.12890625,63970.53125,64616.015625,3305041920
2026-02-24 00:00:00+00:00,64701.20703125,64972.7421875,63415.9140625,63548.0234375,0
2026-02-24 04:00:00+00:00,63546.05859375,63546.05859375,62709.8203125,63134.9609375,1575751680
2026-02-24 08:00:00+00:00,63148.3671875,63403.109375,62970.3203125,63193.3125,113213440
2026-02-24 12:00:00+00:00,63224.34375,64001.703125,62646.765625,64001.703125,1603141632
2026-02-24 16:00:00+00:00,63974.6875,64716.69921875,63749.65625,64453.90234375,108855296
2026-02-24 20:00:00+00:00,64461.0390625,64562.3359375,63875.67578125,64077.76953125,0
2026-02-25 00:00:00+00:00,64051.15625,66254.109375,63946.1796875,65408.60546875,1696071680
2026-02-25 04:00:00+00:00,65399.640625,65623.171875,64791.31640625,65021.8671875,0
2026-02-25 08:00:00+00:00,65025.28515625,65638.8984375,64975.15625,65386.45703125,367554560
2026-02-25 12:00:00+00:00,65421.0703125,67482.5390625,65337.83203125,67273.5234375,3256451072
2026-02-25 16:00:00+00:00,67489.59375,69531.609375,67466.546875,69070.765625,6775742464
2026-02-25 20:00:00+00:00,69053.46875,69953.53125,67680.640625,67954.8671875,4812480512
2026-02-26 00:00:00+00:00,67982.34375,68666.40625,67769.15625,68193.25,1030565888
2026-02-26 04:00:00+00:00,68201.1328125,68816.8984375,67843.3046875,67876.796875,4149010432
2026-02-26 08:00:00+00:00,67851.234375,68704.484375,67840.4609375,68018.875,1655463936
2026-02-26 12:00:00+00:00,68037.1171875,68285.3515625,66810.84375,67410.421875,837812224
2026-02-26 16:00:00+00:00,67383.7421875,67743.3671875,66587.921875,67557.1796875,0
2026-02-26 20:00:00+00:00,67635.0546875,67803.75,67208.703125,67456.515625,0
2026-02-27 00:00:00+00:00,67476.703125,67679.5390625,66907.7265625,67641.2578125,536190976
2026-02-27 04:00:00+00:00,67614.078125,68220.40625,67474.1953125,67696.2578125,978874368
2026-02-27 08:00:00+00:00,67696.1953125,68059.9140625,66027.4921875,66110.796875,2479718400
2026-02-27 12:00:00+00:00,66133.5390625,66330.2109375,65682.15625,66120.5546875,1906073600
2026-02-27 16:00:00+00:00,66095.578125,66111.265625,65183.421875,65419.8515625,0
2026-02-27 20:00:00+00:00,65400.1015625,65946.171875,64946.03515625,65878.9296875,537399296
2026-02-28 00:00:00+00:00,65869.328125,66003.1328125,65757.53125,65798.34375,0
2026-02-28 04:00:00+00:00,65788.953125,65807.4375,63106.07421875,63853.66796875,5652738048
2026-02-28 08:00:00+00:00,63841.03515625,64296.6484375,63392.8203125,63836.734375,635158528
2026-02-28 12:00:00+00:00,63844.67578125,65345.70703125,63844.67578125,64862.44140625,1171726336
2026-02-28 16:00:00+00:00,64847.68359375,66638.265625,64686.76171875,66335.4375,1341923328
2026-02-28 20:00:00+00:00,66390.0546875,67606.5546875,66230.0546875,67005.8828125,2664755200
2026-03-01 00:00:00+00:00,66997.25,68143.15625,66115.8828125,67487.265625,5104640000
2026-03-01 04:00:00+00:00,67574.7109375,67592.6796875,66793.0625,67120.640625,2397097984
2026-03-01 08:00:00+00:00,67143.484375,67279.4765625,66299.078125,66468.6328125,164118528
2026-03-01 12:00:00+00:00,66467.8359375,67292.4140625,66168.3359375,66880.40625,0
2026-03-01 16:00:00+00:00,66834.2734375,67071.46875,65762.59375,65957.3046875,1706430464
2026-03-01 20:00:00+00:00,65962.25,66327.6328125,65114.421875,65734.078125,1296039936
2026-03-02 00:00:00+00:00,65758.1015625,67002.1875,65758.1015625,66860.3671875,667893760
2026-03-02 04:00:00+00:00,66820.390625,66962.8359375,65567.609375,65960.0234375,1279229952
2026-03-02 08:00:00+00:00,65977.1953125,66577.0703125,65695.4375,66305.390625,2336026624
2026-03-02 12:00:00+00:00,66339.2109375,69532.4140625,65309.109375,69062.390625,9415090176
2026-03-02 16:00:00+00:00,69127.8203125,70024.0625,68620.5,68949.6328125,6244159488
2026-03-02 20:00:00+00:00,68963.578125,69525.984375,68676.7734375,68785.078125,343801856
2026-03-03 00:00:00+00:00,68804.5859375,69220.9921875,68250.2578125,68360.0859375,1382838272
2026-03-03 04:00:00+00:00,68364.46875,68525.1953125,67834.8125,68182.3203125,439492608
2026-03-03 08:00:00+00:00,68172.9140625,68248.921875,66401.0546875,67054.8515625,2239709184
2026-03-03 12:00:00+00:00,67075.09375,67766.3203125,66317.4453125,67582.1015625,1031700480
2026-03-03 16:00:00+00:00,67747.265625,68938.3828125,67617.75,68455.4296875,45719552
2026-03-03 20:00:00+00:00,68455.8125,68728.7890625,67858.7109375,68300.28125,0
2026-03-04 00:00:00+00:00,68317.765625,68881.15625,67449.2734375,67669.0625,2732556288
2026-03-04 04:00:00+00:00,67778.3828125,69556.46875,67496.234375,69556.46875,2396344320
2026-03-04 08:00:00+00:00,69513.703125,71856.53125,69193.3671875,71131.1171875,9203994624
2026-03-04 12:00:00+00:00,71115.9140625,73245.125,70634.0859375,73245.125,7283507200
2026-03-04 16:00:00+00:00,73404.96875,74041.8125,72606.3125,73717.9375,4502487040
2026-03-04 20:00:00+00:00,73669.5703125,73674.078125,72336.9921875,72670.125,2527870976
2026-03-05 00:00:00+00:00,72729.2734375,73261.5859375,72368.5546875,72513.1328125,312410112
2026-03-05 04:00:00+00:00,72502.0625,73056.2578125,71833.234375,71994.4453125,830332928
2026-03-05 08:00:00+00:00,72075.7265625,73527.2890625,71794.0078125,72876.4453125,855916544
2026-03-05 12:00:00+00:00,72928.21875,73047.9296875,71200.6796875,71481.0078125,0
2026-03-05 16:00:00+00:00,71642.875,71642.875,70663.078125,70952.4609375,0
2026-03-05 20:00:00+00:00,70945.5703125,71542.8203125,70790.78125,70842.15625,2166784
2026-03-06 00:00:00+00:00,70878.65625,71357.8671875,70420.71875,71074.9140625,161177600
2026-03-06 04:00:00+00:00,71085.6328125,71162.75,70162.8359375,71077.15625,0
2026-03-06 08:00:00+00:00,71060.3359375,71060.3359375,70198.7265625,70202.3359375,0
2026-03-06 12:00:00+00:00,70203.9140625,70264.609375,68333.4140625,68543.03125,4213534720
2026-03-06 16:00:00+00:00,68506.578125,68773.5234375,67760.484375,68109.4140625,39723008
2026-03-06 20:00:00+00:00,68124.5703125,68423.8984375,67778.1484375,68136.6875,36270080
2026-03-07 00:00:00+00:00,68139.6875,68513.84375,68092.2421875,68133.25,0
2026-03-07 04:00:00+00:00,68124.7421875,68144.4765625,67503.4140625,67854.9375,0
2026-03-07 08:00:00+00:00,67827.046875,68207.53125,67743.6796875,68020.875,0
2026-03-07 12:00:00+00:00,68015.34375,68078.625,67628.859375,67910.8984375,0
2026-03-07 16:00:00+00:00,67887.4375,67918.0234375,67016.953125,67095.625,965033984
2026-03-07 20:00:00+00:00,67087.1328125,67476.7265625,67087.1328125,67272.5,82049024
2026-03-08 00:00:00+00:00,67250.1015625,67474.390625,66892.953125,67050.3515625,1120305152
2026-03-08 04:00:00+00:00,67009.3125,67412.6953125,66612.984375,67277.71875,617793536
2026-03-08 08:00:00+00:00,67315.3984375,68170.4453125,67184.15625,67537.6328125,1927708672
2026-03-08 12:00:00+00:00,67517.109375,67617.4453125,66876.625,67197.578125,2546499584
2026-03-08 16:00:00+00:00,67200.6953125,67405.09375,66768.0625,67294.5234375,951091200
2026-03-08 20:00:00+00:00,67311.3671875,67480.8671875,65660.515625,65969.5859375,5241018368
2026-03-09 00:00:00+00:00,65975.703125,67644.046875,65878.921875,67198.7890625,4220733440
2026-03-09 04:00:00+00:00,67206.921875,68013.7578125,66968.28125,67527.171875,3051241472
2026-03-09 08:00:00+00:00,67566.90625,68405.1640625,67398.3984375,67781.9375,2060296192
2026-03-09 12:00:00+00:00,67753.046875,69453.5,67753.046875,69007.4609375,6119809024
2026-03-09 16:00:00+00:00,68895.296875,69347.0234375,68265.109375,69053.765625,3845259264
2026-03-09 20:00:00+00:00,69006.203125,69139.6640625,68401.4609375,68402.71875,623468544
2026-03-10 00:00:00+00:00,68443.1484375,70561.8515625,68432.28125,69454.2890625,1710305280
2026-03-10 04:00:00+00:00,69474.1640625,70465.3984375,69474.1640625,70338.8671875,1020604416
2026-03-10 08:00:00+00:00,70392.390625,71266.8828125,70392.390625,70612.5078125,1657151488
2026-03-10 12:00:00+00:00,70609.28125,71751.71875,69508.3515625,71360.6640625,1623293952
2026-03-10 16:00:00+00:00,71382.9375,71699.7265625,69837.5078125,70001.09375,2411708416
2026-03-10 20:00:00+00:00,70050.2265625,70390.609375,69491.3828125,69931.25,800378880
2026-03-11 00:00:00+00:00,69956.9296875,70146.609375,69526.8203125,69571.8671875,940462080
2026-03-11 04:00:00+00:00,69544.28125,70256.4609375,69453.703125,69666.4765625,31375360
2026-03-11 08:00:00+00:00,69674.875,69757.7734375,69247.8671875,69247.8671875,88522752
2026-03-11 12:00:00+00:00,69178.859375,71038.4375,68998.8671875,70278.3515625,1373696000
2026-03-11 16:00:00+00:00,70242.484375,71337.6640625,70226.9375,70667.578125,1866711040
2026-03-11 20:00:00+00:00,70670.0,70901.875,70165.6640625,70209.765625,0
2026-03-12 00:00:00+00:00,70202.765625,70357.203125,69252.6015625,69437.1015625,137416704
2026-03-12 04:00:00+00:00,69468.0546875,69847.9140625,69242.03125,69813.4296875,81448960
2026-03-12 08:00:00+00:00,69831.0390625,70743.3203125,69634.1640625,70452.9453125,1747570688
2026-03-12 12:00:00+00:00,70438.421875,70604.1953125,69426.078125,70270.5234375,104935424
2026-03-12 16:00:00+00:00,70318.53125,70557.953125,69825.1015625,70520.96875,247152640
2026-03-12 20:00:00+00:00,70487.4765625,70712.6171875,70041.546875,70497.046875,887209984
2026-03-13 00:00:00+00:00,70446.8671875,71953.484375,70426.640625,71403.625,4234215424
2026-03-13 04:00:00+00:00,71404.71875,71651.875,71193.234375,71651.875,2048311296
2026-03-13 08:00:00+00:00,71622.6953125,72571.53125,71399.765625,72254.34375,3033198592
2026-03-13 12:00:00+00:00,72235.890625,73854.28125,71764.828125,71798.3359375,7561502720
2026-03-13 16:00:00+00:00,71860.2421875,72220.09375,70936.8125,71159.5390625,4736344064
2026-03-13 20:00:00+00:00,71175.09375,71482.953125,70570.5546875,70965.3828125,958148608
2026-03-14 00:00:00+00:00,70952.3359375,71155.03125,70507.8828125,71072.2265625,433008640
2026-03-14 04:00:00+00:00,71090.21875,71279.3359375,70436.75,70613.203125,0
2026-03-14 08:00:00+00:00,70599.90625,70769.859375,70421.6875,70723.2890625,0
2026-03-14 12:00:00+00:00,70739.1875,70951.0859375,70522.859375,70603.828125,0
2026-03-14 16:00:00+00:00,70607.3671875,70736.296875,70512.34375,70711.6171875,0
2026-03-14 20:00:00+00:00,70711.78125,71239.0859375,70665.1796875,71213.6796875,5027840
2026-03-15 00:00:00+00:00,71214.4296875,71575.921875,70899.03125,71325.859375,434233344
2026-03-15 04:00:00+00:00,71343.453125,71729.515625,71343.453125,71441.8359375,299008000
2026-03-15 08:00:00+00:00,71449.0234375,71932.8984375,71449.0234375,71843.15625,441544704
2026-03-15 12:00:00+00:00,71832.7734375,71832.7734375,71299.9921875,71488.0625,1005258752
2026-03-15 16:00:00+00:00,71487.0546875,71987.2890625,71339.46875,71558.015625,1090875392
2026-03-15 20:00:00+00:00,71562.3125,73141.3515625,71451.8828125,72798.171875,5307017216
2026-03-16 00:00:00+00:00,72820.78125,73984.296875,72323.09375,73661.484375,4963274752
2026-03-16 04:00:00+00:00,73582.4296875,74363.125,73416.7109375,73494.09375,6647349248
2026-03-16 08:00:00+00:00,73458.265625,73788.40625,72931.9375,73562.8046875,3354882048
2026-03-16 12:00:00+00:00,73561.6640625,74414.765625,73064.859375,73245.90625,5611745280
2026-03-16 16:00:00+00:00,73248.453125,74336.2578125,73198.8125,73962.578125,7444893696
2026-03-16 20:00:00+00:00,73952.6015625,74891.1015625,73868.8828125,74855.296875,1973551104
2026-03-17 00:00:00+00:00,74871.296875,75954.96875,74309.4609375,74423.7109375,4584931328
2026-03-17 04:00:00+00:00,74545.046875,74652.7421875,73839.921875,74257.4609375,391942144
2026-03-17 08:00:00+00:00,74254.4609375,74425.8515625,73614.75,74057.859375,757178368
2026-03-17 12:00:00+00:00,74036.2421875,74726.234375,73459.25,73949.9375,365355008
2026-03-17 16:00:00+00:00,73943.6171875,74804.4609375,73905.640625,74509.2109375,212811776
2026-03-17 20:00:00+00:00,74485.4921875,74797.6953125,73936.8515625,73936.8515625,134602752
2026-03-18 00:00:00+00:00,73933.515625,74614.859375,73616.6328125,74520.84375,0
2026-03-18 04:00:00+00:00,74488.171875,74495.1484375,73739.234375,73888.078125,0
2026-03-18 08:00:00+00:00,73889.796875,74264.2578125,72884.6171875,72931.2109375,1694478336
2026-03-18 12:00:00+00:00,72929.2109375,72929.2109375,70978.140625,71515.359375,5135171584
2026-03-18 16:00:00+00:00,71452.140625,71948.5546875,70992.875,71111.2421875,2332372992
2026-03-18 20:00:00+00:00,71058.625,71406.578125,70605.0234375,71250.3515625,1242025984
2026-03-19 00:00:00+00:00,71212.0859375,71593.9453125,70936.203125,71223.125,427405312
2026-03-19 04:00:00+00:00,71157.5390625,71176.1484375,69619.6796875,70248.15625,3626176512
2026-03-19 08:00:00+00:00,70202.65625,70530.7578125,69915.0,69915.0,2629902336
2026-03-19 12:00:00+00:00,69934.671875,70009.0546875,68829.8515625,69484.953125,674107392
2026-03-19 16:00:00+00:00,69425.8359375,70564.9453125,69145.453125,70280.046875,2201489408
2026-03-19 20:00:00+00:00,70277.4296875,70687.125,69760.6171875,69911.53125,17453056
2026-03-20 00:00:00+00:00,69921.890625,70765.3984375,69849.15625,70747.953125,423002112
2026-03-20 04:00:00+00:00,70732.3515625,70939.7734375,70223.3046875,70857.6328125,234172416
2026-03-20 08:00:00+00:00,70859.1796875,71315.328125,70242.9609375,70472.921875,75878400
2026-03-20 12:00:00+00:00,70474.6953125,70659.421875,69512.046875,69812.21875,333500416
2026-03-20 16:00:00+00:00,69857.6171875,70165.765625,69435.75,70164.53125,773140480
2026-03-20 20:00:00+00:00,70160.9375,70877.3046875,69775.8359375,70522.46875,499912704
2026-03-21 00:00:00+00:00,70517.6171875,70767.015625,70438.75,70675.25,0
2026-03-21 04:00:00+00:00,70673.375,70871.8515625,70623.890625,70697.6328125,552620032
2026-03-21 08:00:00+00:00,70711.7109375,70727.671875,70489.359375,70634.9609375,0
2026-03-21 12:00:00+00:00,70635.1640625,71040.421875,70486.5078125,70652.2265625,0
2026-03-21 16:00:00+00:00,70641.703125,70644.515625,70223.3203125,70379.7109375,0
2026-03-21 20:00:00+00:00,70380.328125,70490.6171875,68737.4453125,68737.4453125,1413502976
2026-03-22 00:00:00+00:00,68903.21875,69552.2734375,68339.5859375,69332.0703125,5116844032
2026-03-22 04:00:00+00:00,69336.1171875,69494.2578125,68923.3125,68923.3125,297818112
2026-03-22 08:00:00+00:00,68907.0234375,68971.8046875,68216.140625,68216.140625,1707882496
2026-03-22 12:00:00+00:00,68213.7421875,68940.5703125,68213.7421875,68828.15625,1230098432
2026-03-22 16:00:00+00:00,68843.4296875,68860.4921875,68156.375,68184.2890625,1415100416
2026-03-22 20:00:00+00:00,68194.046875,68489.1875,67408.296875,67843.0,2576885760
2026-03-23 00:00:00+00:00,67854.984375,68565.7421875,67466.7109375,68068.9921875,168857600
2026-03-23 04:00:00+00:00,68072.1796875,68877.9765625,67543.046875,68311.0390625,4294246400
2026-03-23 08:00:00+00:00,68303.515625,71401.8515625,67922.8515625,70063.984375,9561262080
2026-03-23 12:00:00+00:00,70037.7265625,71696.078125,69731.46875,70131.59375,8513216512
2026-03-23 16:00:00+00:00,70107.0390625,71170.8671875,70107.0390625,70651.0703125,4012298240
2026-03-23 20:00:00+00:00,70679.421875,70972.8046875,70406.1171875,70912.671875,1214685184
2026-03-24 00:00:00+00:00,70898.6640625,71001.640625,70397.609375,70523.75,0
2026-03-24 04:00:00+00:00,70523.875,71331.5,70129.859375,71331.5,748859392
2026-03-24 08:00:00+00:00,71277.5234375,71318.828125,70860.8984375,71123.2421875,200728576
2026-03-24 12:00:00+00:00,71143.7421875,71143.7421875,69515.4765625,69875.765625,138326016
2026-03-24 16:00:00+00:00,69869.234375,69945.90625,68934.4375,69297.703125,1110986752
2026-03-24 20:00:00+00:00,69318.796875,70783.234375,69277.375,70520.046875,2729095168
2026-03-25 00:00:00+00:00,70525.5625,70995.4453125,70405.984375,70729.296875,444178432
2026-03-25 04:00:00+00:00,70696.578125,71295.6171875,70696.578125,70908.28125,815198208
2026-03-25 08:00:00+00:00,70903.484375,71946.390625,70790.1015625,71661.7578125,1129500672
2026-03-25 12:00:00+00:00,71705.8359375,71907.1953125,70584.640625,70834.3203125,364318720
2026-03-25 16:00:00+00:00,70838.890625,71706.296875,70722.234375,70781.0078125,0
2026-03-25 20:00:00+00:00,70849.5,71524.359375,70636.125,71310.1171875,5345280
2026-03-26 00:00:00+00:00,71311.6640625,71393.2109375,70675.46875,70864.46875,589553664
2026-03-26 04:00:00+00:00,70860.96875,70874.7890625,69805.421875,70076.09375,847843328
2026-03-26 08:00:00+00:00,70063.6953125,70077.6953125,69242.5625,69264.1328125,1150533632
2026-03-26 12:00:00+00:00,69255.953125,69826.125,68819.421875,69042.921875,1026959360
2026-03-26 16:00:00+00:00,69059.0703125,69104.578125,68134.265625,68584.140625,2125824000
2026-03-26 20:00:00+00:00,68510.28125,69281.46875,68413.1796875,68790.8359375,2086817792
2026-03-27 00:00:00+00:00,68778.71875,69082.3515625,68524.25,68741.234375,310116352
2026-03-27 04:00:00+00:00,68729.7890625,68907.578125,68269.15625,68418.7265625,1873055744
2026-03-27 08:00:00+00:00,68480.609375,68536.6796875,66371.2421875,66668.6796875,5525262336
2026-03-27 12:00:00+00:00,66676.8984375,66716.5234375,65703.7265625,66089.65625,4300865536
2026-03-27 16:00:00+00:00,66075.796875,66232.8984375,65539.1875,66041.453125,788627456
2026-03-27 20:00:00+00:00,66021.203125,66351.5703125,65795.3515625,66338.5,308248576
2026-03-28 00:00:00+00:00,66363.4140625,66468.921875,65916.359375,66167.8359375,0
2026-03-28 04:00:00+00:00,66184.3125,66508.2421875,66091.3359375,66508.2421875,0
2026-03-28 08:00:00+00:00,66504.671875,66512.9765625,66096.53125,66306.5,0
2026-03-28 12:00:00+00:00,66298.8515625,67201.6484375,66221.578125,66939.7421875,0
2026-03-28 16:00:00+00:00,66980.3828125,67038.265625,66687.828125,66848.3359375,0
2026-03-28 20:00:00+00:00,66853.859375,66952.625,66253.2265625,66319.6953125,0
2026-03-29 00:00:00+00:00,66331.703125,67000.8125,66259.4921875,66851.75,467705856
2026-03-29 04:00:00+00:00,66850.796875,66876.4609375,66507.3359375,66647.484375,0
2026-03-29 08:00:00+00:00,66627.8515625,66867.734375,66390.203125,66766.0078125,388931584
2026-03-29 12:00:00+00:00,66770.6484375,66806.3046875,66308.6015625,66467.59375,90222592
2026-03-29 16:00:00+00:00,66464.84375,66590.9609375,66136.609375,66290.3046875,224741376
2026-03-29 20:00:00+00:00,66294.15625,66710.8046875,65036.53125,65958.3515625,3895443456
2026-03-30 00:00:00+00:00,65957.6015625,67286.265625,65773.0546875,67106.546875,3752333312
2026-03-30 04:00:00+00:00,67091.390625,67655.2265625,67091.390625,67502.453125,3166812160
2026-03-30 08:00:00+00:00,67554.953125,67840.6015625,67341.5859375,67602.984375,3596789760
2026-03-30 12:00:00+00:00,67624.53125,68069.59375,67099.046875,67578.46875,4724396032
2026-03-30 16:00:00+00:00,67587.203125,67587.203125,66211.5234375,66424.765625,3302887424
2026-03-30 20:00:00+00:00,66480.578125,66930.125,66378.109375,66694.5859375,1295876096
2026-03-31 00:00:00+00:00,66727.5234375,68292.8125,66507.421875,67651.0625,1710804992
2026-03-31 04:00:00+00:00,67653.84375,67788.0078125,67084.0625,67316.1640625,920883200
2026-03-31 08:00:00+00:00,67315.796875,67433.5546875,65980.9765625,66638.390625,2430119936
2026-03-31 12:00:00+00:00,66629.9375,67667.7421875,66478.3984375,66695.515625,1117093888
2026-03-31 16:00:00+00:00,66753.0078125,68399.34375,66732.5,67760.78125,3052224512
2026-03-31 20:00:00+00:00,67817.828125,68309.3203125,67817.828125,68232.890625,964816896
2026-04-01 00:00:00+00:00,68224.46875,68270.3046875,67565.3984375,68083.9375,1374912512
2026-04-01 04:00:00+00:00,68097.21875,69204.46875,68004.875,68651.3828125,1402134528
2026-04-01 08:00:00+00:00,68688.2265625,68809.0859375,68383.828125,68687.2265625,612196352
2026-04-01 12:00:00+00:00,68665.1640625,68897.71875,67969.1171875,68897.71875,652746752
2026-04-01 16:00:00+00:00,68884.7578125,69104.828125,67981.9140625,68152.3203125,229548032
2026-04-01 20:00:00+00:00,68129.8046875,68485.8671875,67985.3671875,68077.8984375,0
2026-04-02 00:00:00+00:00,68095.265625,68633.1484375,66506.125,66570.546875,2857099264
2026-04-02 04:00:00+00:00,66580.90625,66900.953125,66230.2421875,66900.953125,369295360
2026-04-02 08:00:00+00:00,66908.1484375,66908.1484375,66170.84375,66170.84375,348114944
2026-04-02 12:00:00+00:00,66202.0,67029.875,65788.75,66784.375,2096791552
2026-04-02 16:00:00+00:00,66835.65625,67384.4453125,66602.015625,67024.1875,716992512
2026-04-02 20:00:00+00:00,66964.6328125,67082.7265625,66759.9140625,66889.015625,48594944
2026-04-03 00:00:00+00:00,66888.4765625,66972.71875,66281.984375,66586.28125,0
2026-04-03 04:00:00+00:00,66587.0859375,67162.359375,66459.9296875,67027.1484375,168898560
2026-04-03 08:00:00+00:00,67032.546875,67268.6796875,66691.5390625,66995.7109375,61919232
2026-04-03 12:00:00+00:00,67002.0078125,67099.0546875,66507.0625,66837.7265625,0
2026-04-03 16:00:00+00:00,66844.640625,67042.3359375,66766.1328125,66861.78125,0
2026-04-03 20:00:00+00:00,66870.6015625,66949.21875,66815.640625,66938.6484375,101472256
2026-04-04 00:00:00+00:00,66937.25,66939.015625,66803.2265625,66821.40625,0
2026-04-04 04:00:00+00:00,66826.0625,67022.4453125,66790.7890625,67022.4453125,0
2026-04-04 08:00:00+00:00,67011.6328125,67194.5546875,66905.3359375,67113.609375,150949888
2026-04-04 12:00:00+00:00,67125.0234375,67435.46875,67028.609375,67364.34375,370152448
2026-04-04 16:00:00+00:00,67368.828125,67491.78125,67266.375,67287.53125,72231936
2026-04-04 20:00:00+00:00,67278.640625,67426.90625,67184.6953125,67291.1953125,112285696
2026-04-05 00:00:00+00:00,67292.40625,67297.15625,66981.0390625,67113.9453125,456535040
2026-04-05 04:00:00+00:00,67117.3671875,67165.34375,66615.0390625,66795.5,776210432
2026-04-05 08:00:00+00:00,66793.6015625,67096.5859375,66793.6015625,66972.8359375,197574656
2026-04-05 12:00:00+00:00,66977.1484375,67516.1640625,66691.171875,67270.234375,2064122880
2026-04-05 16:00:00+00:00,67281.09375,67504.1640625,67172.9140625,67301.609375,250343424
2026-04-05 20:00:00+00:00,67331.4921875,69048.203125,67329.8671875,68982.9140625,4364726272
2026-04-06 00:00:00+00:00,68978.9140625,69491.6484375,68780.3515625,69061.84375,5297408000
2026-04-06 04:00:00+00:00,69082.078125,69316.03125,68819.328125,69075.671875,1407135744
2026-04-06 08:00:00+00:00,69089.3203125,70132.9921875,69083.1171875,69595.9453125,5091346432
2026-04-06 12:00:00+00:00,69601.015625,69941.1171875,69206.546875,69930.125,2449952768
2026-04-06 16:00:00+00:00,69947.6875,70237.1015625,69283.7578125,69704.140625,4151582720
2026-04-06 20:00:00+00:00,69733.0,69973.8203125,68367.84375,68859.375,454131712
2026-04-07 00:00:00+00:00,68860.4609375,69035.9765625,68286.8046875,68756.09375,152686592
2026-04-07 04:00:00+00:00,68761.765625,68964.1953125,68432.515625,68632.78125,0
2026-04-07 08:00:00+00:00,68616.34375,69215.59375,68075.421875,68356.046875,632713216
2026-04-07 12:00:00+00:00,68342.5,68607.7734375,67755.734375,68141.9921875,2857555968
2026-04-07 16:00:00+00:00,68151.7109375,69064.8359375,68102.5546875,68958.59375,1176489984
2026-04-07 20:00:00+00:00,69001.296875,72694.3125,69001.296875,71950.1484375,10219204608
2026-04-08 00:00:00+00:00,71926.15625,72057.078125,71270.1640625,71286.484375,2705010688
2026-04-08 04:00:00+00:00,71287.71875,71911.2734375,71286.9296875,71608.8203125,2866225152
2026-04-08 08:00:00+00:00,71628.890625,71932.7578125,71444.5625,71665.8984375,431394816
2026-04-08 12:00:00+00:00,71671.8984375,72739.1796875,70754.125,71301.046875,4438384640
2026-04-08 16:00:00+00:00,71314.5703125,71937.984375,71078.375,71301.3984375,566153216
2026-04-08 20:00:00+00:00,71319.5703125,71721.1015625,70923.90625,71115.125,0
2026-04-09 00:00:00+00:00,71093.7578125,71157.859375,70538.5546875,70979.9140625,249393152
2026-04-09 04:00:00+00:00,70993.921875,71077.4921875,70758.9765625,70964.1015625,0
2026-04-09 08:00:00+00:00,70968.703125,71536.890625,70901.5625,71157.0078125,0
2026-04-09 12:00:00+00:00,71151.8515625,72317.9921875,70549.265625,72103.4296875,1492318208
2026-04-09 16:00:00+00:00,72303.1015625,72519.0859375,71774.890625,72090.484375,2188611584
2026-04-09 20:00:00+00:00,72109.1328125,73004.65625,71637.8125,71774.3671875,3793436672
2026-04-10 00:00:00+00:00,71783.515625,72347.5625,71609.296875,71866.9375,675479552
2026-04-10 04:00:00+00:00,71888.7265625,72249.5,71445.828125,71474.5234375,738652160
2026-04-10 08:00:00+00:00,71484.5546875,72250.0703125,71444.78125,72120.9609375,839524352
2026-04-10 12:00:00+00:00,72123.65625,73289.9140625,71946.921875,72403.5390625,2951577600
2026-04-10 16:00:00+00:00,72431.109375,73263.1015625,72420.078125,73234.4453125,53522432
2026-04-10 20:00:00+00:00,73218.1953125,73421.8125,72834.515625,72976.125,505659392
2026-04-11 00:00:00+00:00,72974.1953125,73116.5234375,72722.609375,72867.390625,27906048
2026-04-11 04:00:00+00:00,72886.9375,72972.625,72682.0703125,72738.2890625,0
2026-04-11 08:00:00+00:00,72768.2421875,72945.75,72659.4375,72925.703125,0
2026-04-11 12:00:00+00:00,72938.75,73003.6796875,72594.53125,72880.890625,0
2026-04-11 16:00:00+00:00,72887.8359375,73724.78125,72850.484375,73683.421875,224630784
2026-04-11 20:00:00+00:00,73687.1015625,73687.1015625,72995.0078125,73056.046875,0
2026-04-12 00:00:00+00:00,73057.15625,73141.5,71464.046875,71660.0546875,3100588032
2026-04-12 04:00:00+00:00,71621.7890625,71785.1328125,71448.0546875,71747.28125,671844352
2026-04-12 08:00:00+00:00,71712.4296875,71789.8125,71405.109375,71494.46875,1273034752
2026-04-12 12:00:00+00:00,71493.9921875,71515.1484375,70721.7890625,70906.8203125,2387728384
2026-04-12 16:00:00+00:00,70886.1015625,71234.3046875,70856.4140625,71114.7265625,97961984
2026-04-12 20:00:00+00:00,71123.7421875,71452.2265625,70593.453125,70757.6171875,1761050624
2026-04-13 00:00:00+00:00,70741.296875,71264.46875,70629.453125,70989.6875,292968448
2026-04-13 04:00:00+00:00,70994.0078125,71120.4453125,70699.671875,70831.3125,4072048640
2026-04-13 08:00:00+00:00,70810.34375,70959.546875,70588.5234375,70947.2109375,2179717120
2026-04-13 12:00:00+00:00,70883.4453125,72420.1171875,70788.5,71838.046875,6215897088
2026-04-13 16:00:00+00:00,71909.3828125,73472.53125,71728.9609375,73373.984375,9372913664
2026-04-13 20:00:00+00:00,73379.046875,74856.671875,73101.8046875,74532.7421875,8091066368
2026-04-14 00:00:00+00:00,74442.2265625,74566.109375,74074.78125,74454.3828125,2540462080
2026-04-14 04:00:00+00:00,74450.8515625,74930.4296875,74192.1875,74547.5546875,1543237632
2026-04-14 08:00:00+00:00,74547.046875,74901.6875,74333.2734375,74456.0,2675822592
2026-04-14 12:00:00+00:00,74398.828125,76009.03125,74297.015625,75407.8125,5912420352
2026-04-14 16:00:00+00:00,75390.9609375,75666.0390625,73946.8515625,74265.8984375,653688832
2026-04-14 20:00:00+00:00,74329.203125,74423.1484375,73905.1875,74184.671875,73728
2026-04-15 00:00:00+00:00,74170.09375,74799.609375,74154.828125,74376.75,1786605568
2026-04-15 04:00:00+00:00,74377.3125,74470.0078125,73573.03125,73771.3515625,68005888
2026-04-15 08:00:00+00:00,73759.7890625,74281.6171875,73706.0,74232.65625,151773184
2026-04-15 12:00:00+00:00,74244.953125,74533.9921875,73623.7265625,73868.0,301113344
2026-04-15 16:00:00+00:00,73856.046875,75303.75,73779.65625,75065.578125,160878592
2026-04-15 20:00:00+00:00,75053.0,75412.0,74545.0,74836.359375,200192000
2026-04-16 00:00:00+00:00,74845.609375,75288.3515625,74488.109375,74904.25,2398498816
2026-04-16 04:00:00+00:00,74902.2578125,75186.453125,74662.34375,74721.5390625,315793408
2026-04-16 08:00:00+00:00,74721.546875,74927.828125,74288.5,74593.328125,1200881664
2026-04-16 12:00:00+00:00,74593.328125,75026.2734375,73328.0,74719.9921875,2995044352
2026-04-16 16:00:00+00:00,74746.0234375,75429.609375,73917.140625,75371.9765625,1634238464
2026-04-16 20:00:00+00:00,75384.9375,75539.90625,74827.8125,75163.09375,249851904
2026-04-17 00:00:00+00:00,75156.7421875,75179.8515625,74562.671875,74633.1484375,51539968
2026-04-17 04:00:00+00:00,74641.109375,75122.609375,74575.0,75085.9921875,61296640
2026-04-17 08:00:00+00:00,75095.40625,76386.671875,75015.359375,75622.578125,4210688000
2026-04-17 12:00:00+00:00,75661.359375,78146.25,75567.9921875,77838.4375,10267521024
2026-04-17 16:00:00+00:00,77844.0390625,78344.3671875,77061.59375,77515.21875,1879207936
2026-04-17 20:00:00+00:00,77481.9921875,77650.40625,76935.0234375,77098.0078125,592347136
2026-04-18 00:00:00+00:00,77090.53125,77447.4296875,77002.0625,77034.828125,0
2026-04-18 04:00:00+00:00,77045.9609375,77287.5,76923.078125,77020.0078125,454922240
2026-04-18 08:00:00+00:00,77020.0234375,77070.390625,75797.9921875,76069.4609375,0
2026-04-18 12:00:00+00:00,76084.9765625,76387.4921875,75824.0703125,76191.71875,0
2026-04-18 16:00:00+00:00,76191.7109375,76249.9765625,75498.0078125,75682.1328125,0
2026-04-18 20:00:00+00:00,75678.8984375,75904.8984375,75632.6796875,75736.8203125,0
2026-04-19 00:00:00+00:00,75736.0,75884.0078125,75391.4296875,75546.4921875,253513728
2026-04-19 04:00:00+00:00,75551.9921875,75806.7421875,74942.0,75291.1171875,1192728576
2026-04-19 08:00:00+00:00,75281.328125,75653.0703125,74961.828125,75634.8671875,0
2026-04-19 12:00:00+00:00,75646.59375,76260.296875,75458.109375,75884.7734375,1878519808
2026-04-19 16:00:00+00:00,75885.6171875,75895.296875,74645.8125,74985.0390625,1340807168
2026-04-19 20:00:00+00:00,74985.046875,74985.046875,73799.046875,73820.1875,3229972480
2026-04-20 00:00:00+00:00,73814.6875,74770.8828125,73768.0,74667.90625,2122016768
2026-04-20 04:00:00+00:00,74667.90625,75588.8828125,74136.9375,74857.640625,1071421440
2026-04-20 08:00:00+00:00,74861.0,75439.8515625,74649.6796875,75223.96875,1101680640
2026-04-20 12:00:00+00:00,75218.03125,75763.09375,74733.75,75747.078125,2371559424
2026-04-20 16:00:00+00:00,75743.78125,76523.3203125,75327.0078125,76322.0078125,2903810048
2026-04-20 20:00:00+00:00,76304.0,76591.65625,75653.7109375,75864.859375,1403420672
2026-04-21 00:00:00+00:00,75869.5,76278.0078125,75520.0,75740.578125,0
2026-04-21 04:00:00+00:00,75754.4765625,76321.0,75633.28125,76118.09375,52444172288
2026-04-21 08:00:00+00:00,76124.1328125,76902.2109375,76094.0,76478.6171875,1405759488
2026-04-21 12:00:00+00:00,76485.3125,76588.8671875,75533.546875,75850.8203125,30128500736
2026-04-21 16:00:00+00:00,75888.15625,76198.0,74825.9921875,75019.9921875,0
2026-04-21 20:00:00+00:00,75009.0625,76444.9765625,74989.5390625,76346.8125,459378688
2026-04-22 00:00:00+00:00,76362.9296875,77746.8828125,76156.7421875,77549.65625,3162521600
2026-04-22 04:00:00+00:00,77541.546875,78429.28125,77386.0,78025.796875,4270657536
2026-04-22 08:00:00+00:00,78055.2109375,78394.703125,77960.3515625,78322.546875,309329920
2026-04-22 12:00:00+00:00,78329.0,79450.0,78141.8984375,79323.609375,4052455424
2026-04-22 16:00:00+00:00,79368.0078125,79502.78125,78674.0,78885.7421875,912244736
2026-04-22 20:00:00+00:00,78915.8828125,78952.0,78195.796875,78208.5078125,672788480
2026-04-23 00:00:00+00:00,78241.203125,78608.9296875,77501.59375,77742.5703125,1772793856
2026-04-23 04:00:00+00:00,77766.8984375,78370.4921875,77699.2734375,78086.140625,0
2026-04-23 08:00:00+00:00,78070.8828125,78204.296875,77216.890625,77722.296875,1863282688
2026-04-23 12:00:00+00:00,77722.296875,78716.328125,77421.15625,78413.1796875,0
2026-04-23 16:00:00+00:00,78420.71875,78540.8203125,76982.9765625,77745.296875,2091753472
2026-04-23 20:00:00+00:00,77740.9296875,78357.15625,77669.8984375,78281.1484375,0
2026-04-24 00:00:00+00:00,78312.109375,78601.7109375,77590.5234375,77755.390625,39755776
2026-04-24 04:00:00+00:00,77744.90625,78037.2421875,77468.0,77676.9609375,584425472
2026-04-24 08:00:00+00:00,77676.9609375,78397.3203125,77436.0,78256.1328125,1135370240
2026-04-24 12:00:00+00:00,78267.28125,78466.890625,77602.75,78070.7578125,561422336
2026-04-24 16:00:00+00:00,78069.359375,78084.5390625,77385.046875,77661.8203125,31268864
2026-04-24 20:00:00+00:00,77648.390625,77785.0,77309.6015625,77461.7890625,873181184
2026-04-25 00:00:00+00:00,77466.03125,77736.1171875,77340.046875,77699.90625,0
2026-04-25 04:00:00+00:00,77699.90625,77726.15625,77470.0,77521.96875,0
2026-04-25 08:00:00+00:00,77513.71875,77910.359375,77510.9375,77706.171875,0
2026-04-25 12:00:00+00:00,77697.40625,77772.078125,77345.6796875,77354.0625,0
2026-04-25 16:00:00+00:00,77326.0,77483.4375,77201.3515625,77339.78125,31266816
2026-04-25 20:00:00+00:00,77368.6328125,77666.4765625,77324.5703125,77650.71875,386048
2026-04-26 00:00:00+00:00,77651.1171875,77663.84375,77346.4375,77408.0,0
2026-04-26 04:00:00+00:00,77400.0234375,78212.6015625,77394.8828125,78126.3125,1047915520
2026-04-26 08:00:00+00:00,78133.0234375,78232.84375,77940.6875,78118.0,348058624
2026-04-26 12:00:00+00:00,78121.3515625,78189.640625,77791.9765625,78073.828125,694482944
2026-04-26 16:00:00+00:00,78084.390625,78520.90625,77872.9375,78258.0,1399746560
2026-04-26 20:00:00+00:00,78271.6015625,78917.609375,77891.671875,78664.640625,3653470208
2026-04-27 00:00:00+00:00,78673.84375,79488.7265625,78419.9609375,79120.0234375,5175988224
2026-04-27 04:00:00+00:00,79124.3828125,79175.90625,77486.0,77621.2109375,3861768192
2026-04-27 08:00:00+00:00,77606.4609375,77989.3984375,77563.0234375,77847.890625,1860208640
2026-04-27 12:00:00+00:00,77843.140625,78277.2109375,76566.671875,76772.921875,5139535872
2026-04-27 16:00:00+00:00,76750.890625,76916.28125,76472.7578125,76878.0,2397888512
2026-04-27 20:00:00+00:00,76867.9375,77444.3984375,76735.0,77364.40625,305152000
2026-04-28 00:00:00+00:00,77380.9375,77478.9765625,76682.171875,76809.3515625,0
2026-04-28 04:00:00+00:00,76808.0,77147.109375,76430.90625,76864.3203125,348000256
2026-04-28 08:00:00+00:00,76879.921875,77000.3671875,76122.4765625,76219.9765625,2006016000
2026-04-28 12:00:00+00:00,76244.546875,76422.03125,75660.703125,76050.296875,1824985088
2026-04-28 16:00:00+00:00,76043.0078125,76377.59375,75861.96875,76325.9765625,831488
2026-04-28 20:00:00+00:00,76338.2109375,76483.640625,76176.5,76315.90625,73611264
2026-04-29 00:00:00+00:00,76309.3203125,77117.03125,76166.578125,76987.2734375,457797632
2026-04-29 04:00:00+00:00,77001.0390625,77444.4375,76875.6171875,77034.0390625,1483313152
2026-04-29 08:00:00+00:00,77048.3984375,77896.1875,76947.703125,77581.921875,2139260928
2026-04-29 12:00:00+00:00,77580.7421875,77593.9921875,75683.3984375,75868.4375,1608368128
2026-04-29 16:00:00+00:00,75842.609375,76190.8671875,74927.65625,75529.6328125,4601237504
2026-04-29 20:00:00+00:00,75523.8125,76016.09375,75462.4765625,75752.8828125,1400356864
2026-04-30 00:00:00+00:00,75800.78125,76430.796875,75472.0,75901.8203125,599547904
2026-04-30 04:00:00+00:00,75902.859375,76146.546875,75312.7109375,76134.328125,10039296
2026-04-30 08:00:00+00:00,76147.90625,76321.9765625,75848.0,76031.9765625,0
2026-04-30 12:00:00+00:00,76039.7578125,76620.90625,76017.4609375,76438.84375,5537792
2026-04-30 16:00:00+00:00,76424.9921875,76495.328125,76070.2734375,76381.3203125,0
2026-04-30 20:00:00+00:00,76383.796875,76537.7265625,76164.9296875,76305.0,0
2026-05-01 00:00:00+00:00,76295.7265625,77420.1171875,76295.7265625,77091.84375,1196818432
2026-05-01 04:00:00+00:00,77101.1796875,77175.53125,76861.6796875,77108.0234375,493248512
2026-05-01 08:00:00+00:00,77097.5,77574.7265625,77022.546875,77452.7265625,1303980032
2026-05-01 12:00:00+00:00,77466.34375,78940.40625,77392.0078125,78445.1171875,5356484608
2026-05-01 16:00:00+00:00,78476.2890625,78691.0,78125.328125,78373.9765625,1956716544
2026-05-01 20:00:00+00:00,78398.8203125,78419.25,77750.203125,78234.046875,1039319040
2026-05-02 00:00:00+00:00,78234.3828125,78508.96875,78168.0,78409.6328125,0
2026-05-02 04:00:00+00:00,78419.40625,78443.546875,78034.2890625,78220.2109375,73568256
2026-05-02 08:00:00+00:00,78220.21875,78392.40625,78093.1015625,78147.0390625,0
2026-05-02 12:00:00+00:00,78147.0703125,78486.4921875,78099.0703125,78483.5234375,0
2026-05-02 16:00:00+00:00,78486.4765625,78589.3515625,78308.0,78484.46875,0
2026-05-02 20:00:00+00:00,78469.34375,79120.75,78415.8671875,78682.3125,136123392
2026-05-03 00:00:00+00:00,78697.5,78735.9375,78103.75,78196.0234375,284135424
2026-05-03 04:00:00+00:00,78187.28125,78447.6015625,78074.90625,78357.6328125,61689856
2026-05-03 08:00:00+00:00,78357.6328125,78838.0,78354.3203125,78657.9921875,449764352
2026-05-03 12:00:00+00:00,78667.7578125,78863.7265625,78575.0,78656.84375,988370944
2026-05-03 16:00:00+00:00,78659.59375,78836.46875,78566.2265625,78753.15625,1127549952
2026-05-03 20:00:00+00:00,78746.71875,79425.46875,78491.0,78558.7421875,3243845632
2026-05-04 00:00:00+00:00,78552.03125,80420.578125,78275.9765625,80319.6015625,7866376192
2026-05-04 04:00:00+00:00,80305.3671875,80600.859375,79480.53125,79684.078125,5896361984
2026-05-04 08:00:00+00:00,79660.5234375,79908.2890625,78218.109375,78782.953125,8037910528
2026-05-04 12:00:00+00:00,78772.84375,80551.9921875,78512.0,80031.0078125,8504135680
2026-05-04 16:00:00+00:00,80024.0,80744.3671875,79616.828125,80048.03125,5590966272
2026-05-04 20:00:00+00:00,80031.7578125,80393.5625,79738.796875,79841.1015625,864256
2026-05-05 00:00:00+00:00,79852.3671875,81073.0,79789.5,80882.140625,0
2026-05-05 04:00:00+00:00,80881.9375,81312.0078125,80716.2421875,80874.0,324939776
2026-05-05 08:00:00+00:00,80856.578125,81114.09375,80520.0,80937.359375,459739136
2026-05-06 00:00:00+00:00,80884.8203125,81750.0,80743.46875,81576.25,2526359552
2026-05-06 04:00:00+00:00,81592.8515625,81636.0,81054.2890625,81370.0,0
2026-05-06 08:00:00+00:00,81364.3125,82800.0,81318.1015625,82522.046875,0
2026-05-06 12:00:00+00:00,82520.75,82537.03125,81136.7734375,81699.0703125,0
2026-05-06 16:00:00+00:00,81703.25,81863.609375,81186.1484375,81460.6796875,0
2026-05-06 20:00:00+00:00,81465.5078125,81705.328125,81006.0,81438.1015625,13193216
2026-05-07 00:00:00+00:00,81416.3984375,81482.9765625,80830.8125,80842.0,4064153600
2026-05-07 04:00:00+00:00,80841.9921875,81708.0625,80724.7421875,81517.796875,318640128
2026-05-07 08:00:00+00:00,81529.6875,81591.8984375,80564.1328125,80857.328125,0
2026-05-07 12:00:00+00:00,80844.3984375,81192.46875,79730.6328125,79868.4296875,2668277760
2026-05-07 16:00:00+00:00,79865.25,80282.0,79520.7578125,80124.5,5481013248
2026-05-07 20:00:00+00:00,80161.9765625,80330.671875,80134.609375,80159.7734375,165371904
